#
# A fatal error has been detected by the Java Runtime Environment:
#
#  EXCEPTION_ACCESS_VIOLATION (0xc0000005) at pc=0x00007ff91c9fbca8, pid=93176, tid=92176
#
# JRE version: Java(TM) SE Runtime Environment (17.0.7+8) (build 17.0.7+8-LTS-224)
# Java VM: Java HotSpot(TM) 64-Bit Server VM (17.0.7+8-LTS-224, mixed mode, sharing, tiered, compressed oops, compressed class ptrs, g1 gc, windows-amd64)
# Problematic frame:
# V  [jvm.dll+0x69bca8]
#
# No core dump will be written. Minidumps are not enabled by default on client versions of Windows
#
# If you would like to submit a bug report, please visit:
#   https://bugreport.java.com/bugreport/crash.jsp
#

---------------  S U M M A R Y ------------

Command Line: --add-opens=java.base/java.util=ALL-UNNAMED --add-opens=java.base/java.lang=ALL-UNNAMED --add-opens=java.base/java.lang.invoke=ALL-UNNAMED --add-opens=java.prefs/java.util.prefs=ALL-UNNAMED --add-opens=java.base/java.nio.charset=ALL-UNNAMED --add-opens=java.base/java.net=ALL-UNNAMED --add-opens=java.base/java.util.concurrent.atomic=ALL-UNNAMED -Xmx3G -Dfile.encoding=windows-1252 -Duser.country=US -Duser.language=en -Duser.variant -javaagent:C:\Users\Vince\.gradle\wrapper\dists\gradle-8.8-bin\dl7vupf4psengwqhwktix4v1\gradle-8.8\lib\agents\gradle-instrumentation-agent-8.8.jar org.gradle.launcher.daemon.bootstrap.GradleDaemon 8.8

Host: 13th Gen Intel(R) Core(TM) i9-13900K, 32 cores, 63G,  Windows 10 , 64 bit Build 19041 (10.0.19041.5915)
Time: Thu Jul 30 19:15:48 2026 Central Daylight Time elapsed time: 37.627010 seconds (0d 0h 0m 37s)

---------------  T H R E A D  ---------------

Current thread (0x0000020f1983a320):  JavaThread "C2 CompilerThread5" daemon [_thread_in_native, id=92176, stack(0x0000004e89700000,0x0000004e89800000)]


Current CompileTask:
C2:  37627 18575       4       com.sun.tools.javac.jvm.Items$MemberItem::invoke (120 bytes)

Stack: [0x0000004e89700000,0x0000004e89800000],  sp=0x0000004e897fc380,  free space=1008k
Native frames: (J=compiled Java code, j=interpreted, Vv=VM code, C=native code)
V  [jvm.dll+0x69bca8]
V  [jvm.dll+0x69c093]
V  [jvm.dll+0x69db78]
V  [jvm.dll+0x618699]
V  [jvm.dll+0x3417a0]
V  [jvm.dll+0x557916]
V  [jvm.dll+0x5455d3]
V  [jvm.dll+0x2a9e5c]
V  [jvm.dll+0x68f043]
V  [jvm.dll+0x687016]
V  [jvm.dll+0x686660]
V  [jvm.dll+0x68456a]
V  [jvm.dll+0x1a67fc]
V  [jvm.dll+0x2a9e5c]
V  [jvm.dll+0x68f043]
V  [jvm.dll+0x687016]
V  [jvm.dll+0x686660]
V  [jvm.dll+0x68456a]
V  [jvm.dll+0x1a67fc]
V  [jvm.dll+0x1a738b]
V  [jvm.dll+0x2a9e5c]
V  [jvm.dll+0x68f043]
V  [jvm.dll+0x687016]
V  [jvm.dll+0x686660]
V  [jvm.dll+0x68456a]
V  [jvm.dll+0x1a67fc]
V  [jvm.dll+0x1a738b]
V  [jvm.dll+0x2a9e5c]
V  [jvm.dll+0x68f043]
V  [jvm.dll+0x687016]
V  [jvm.dll+0x686660]
V  [jvm.dll+0x68456a]
V  [jvm.dll+0x1a67fc]
V  [jvm.dll+0x216ab8]
V  [jvm.dll+0x1a35e0]
V  [jvm.dll+0x226a6e]
V  [jvm.dll+0x224e15]
V  [jvm.dll+0x78d05c]
V  [jvm.dll+0x78759a]
V  [jvm.dll+0x675875]
C  [ucrtbase.dll+0x21bb2]
C  [KERNEL32.DLL+0x17374]
C  [ntdll.dll+0x4cc91]


siginfo: EXCEPTION_ACCESS_VIOLATION (0xc0000005), reading address 0x0000000000000058


Register to memory mapping:

RIP=0x00007ff91c9fbca8 jvm.dll
RAX=0x0 is NULL
RBX=0x0000004e897fead8 is pointing into the stack for thread: 0x0000020f1983a320
RCX=0x0000020f1156eb18 points into unknown readable memory: 0x0000000000000000 | 00 00 00 00 00 00 00 00
RDX=0x0 is NULL
RSP=0x0000004e897fc380 is pointing into the stack for thread: 0x0000020f1983a320
RBP=0x00000000000004ab is an unknown value
RSI=0x000000003016bf10 is an unknown value
RDI=0x0000020f1156eb18 points into unknown readable memory: 0x0000000000000000 | 00 00 00 00 00 00 00 00
R8 =0x0000020f15241bd0 points into unknown readable memory: 0x00007ff91cbb5660 | 60 56 bb 1c f9 7f 00 00
R9 =0x0000020f16779200 points into unknown readable memory: 0x0000000000000000 | 00 00 00 00 00 00 00 00
R10=0x0000000000000f11 is an unknown value
R11=0x0000000000000fff is an unknown value
R12=0x00000000000004e1 is an unknown value
R13=0x0000000000000671 is an unknown value
R14=0x0000020f1523f680 points into unknown readable memory: 0x0000020f1499bb08 | 08 bb 99 14 0f 02 00 00
R15=0x0000000000000800 is an unknown value


Registers:
RAX=0x0000000000000000, RBX=0x0000004e897fead8, RCX=0x0000020f1156eb18, RDX=0x0000000000000000
RSP=0x0000004e897fc380, RBP=0x00000000000004ab, RSI=0x000000003016bf10, RDI=0x0000020f1156eb18
R8 =0x0000020f15241bd0, R9 =0x0000020f16779200, R10=0x0000000000000f11, R11=0x0000000000000fff
R12=0x00000000000004e1, R13=0x0000000000000671, R14=0x0000020f1523f680, R15=0x0000000000000800
RIP=0x00007ff91c9fbca8, EFLAGS=0x0000000000010287

Top of Stack: (sp=0x0000004e897fc380)
0x0000004e897fc380:   0000004e897fead8 000000000ad47b47
0x0000004e897fc390:   0000000000008000 00007ff91c977eed
0x0000004e897fc3a0:   0000020f2bc700a8 00000000000004e1
0x0000004e897fc3b0:   0000000000000000 00007ff91c9fc093
0x0000004e897fc3c0:   0000000000000003 00000000000000b7
0x0000004e897fc3d0:   0000004e897fead8 00007ff91c972c18
0x0000004e897fc3e0:   0000004e897fe150 0000020f2bc70050
0x0000004e897fc3f0:   000000000000161d 0000000000000000
0x0000004e897fc400:   0000020f1747b040 00007ff91c9fdb78
0x0000004e897fc410:   0000020f2bc700a8 0000020f000000b7
0x0000004e897fc420:   0000020f15241e20 0000004e897fe150
0x0000004e897fc430:   0000020f2bc700a8 00007ff91c978699
0x0000004e897fc440:   0000000000000000 0000020f15241e20
0x0000004e897fc450:   0000020f19f530c8 0000020f1e1dc1b0
0x0000004e897fc460:   0000020f29386530 0000020f1e1dc1b0
0x0000004e897fc470:   0000000000000010 00007ff91c6a17a0 

Instructions: (pc=0x00007ff91c9fbca8)
0x00007ff91c9fbba8:   cc cc cc cc cc cc cc cc 48 85 d2 74 1b 8b 52 28
0x00007ff91c9fbbb8:   48 8b 41 50 48 8b 0c d0 48 85 c9 74 0b 33 c0 83
0x00007ff91c9fbbc8:   79 10 04 48 0f 44 c1 c3 33 c0 c3 cc cc cc cc cc
0x00007ff91c9fbbd8:   cc cc cc cc cc cc cc cc 48 89 5c 24 10 48 89 74
0x00007ff91c9fbbe8:   24 18 57 41 56 41 57 48 83 ec 20 44 8b 79 08 48
0x00007ff91c9fbbf8:   8b d9 48 8b 39 4c 8b 71 18 c7 41 0c 00 00 00 00
0x00007ff91c9fbc08:   43 8d 04 3f 8b f0 89 41 08 48 c1 e6 03 48 8b c6
0x00007ff91c9fbc18:   48 f7 d0 48 3b 47 18 73 12 4c 8d 05 28 b2 21 00
0x00007ff91c9fbc28:   48 8b d6 48 8b cf e8 dd f6 a0 ff 48 8b 47 18 48
0x00007ff91c9fbc38:   8d 0c 30 48 3b 4f 20 76 10 45 33 c0 48 8b d6 48
0x00007ff91c9fbc48:   8b cf e8 41 f3 a0 ff eb 04 48 89 4f 18 44 8b 43
0x00007ff91c9fbc58:   08 33 d2 49 c1 e0 03 48 8b c8 48 89 43 18 e8 c7
0x00007ff91c9fbc68:   92 19 00 8b 4b 08 8b c1 c1 e8 02 2b c8 89 4b 10
0x00007ff91c9fbc78:   45 85 ff 0f 84 8a 00 00 00 48 89 6c 24 40 49 8b
0x00007ff91c9fbc88:   ef 0f 1f 80 00 00 00 00 49 8b 3e 4d 8d 76 08 48
0x00007ff91c9fbc98:   85 ff 74 64 48 3b 7b 20 74 5e 48 8b 07 48 8b cf
0x00007ff91c9fbca8:   ff 50 58 8b f0 85 c0 74 4f ff 43 0c 8b 4b 0c 3b
0x00007ff91c9fbcb8:   4b 10 75 08 48 8b cb e8 1c ff ff ff 44 8b 5b 08
0x00007ff91c9fbcc8:   4c 8b 4b 18 41 ff cb 41 8b c3 23 c6 44 8b d0 41
0x00007ff91c9fbcd8:   83 ca 01 49 8b 14 c1 48 85 d2 74 18 4c 8b 43 20
0x00007ff91c9fbce8:   49 3b d0 74 0f 41 03 c2 41 23 c3 49 8b 14 c1 48
0x00007ff91c9fbcf8:   85 d2 75 ec 49 89 3c c1 48 83 ed 01 75 8a 48 8b
0x00007ff91c9fbd08:   6c 24 40 48 8b 5c 24 48 48 8b 74 24 50 48 83 c4
0x00007ff91c9fbd18:   20 41 5f 41 5e 5f c3 cc 48 89 5c 24 08 48 89 6c
0x00007ff91c9fbd28:   24 10 48 89 74 24 18 57 48 83 ec 30 83 79 08 00
0x00007ff91c9fbd38:   8b f2 48 8b f9 75 53 48 8b 19 c7 41 08 01 00 00
0x00007ff91c9fbd48:   00 48 83 7b 18 ef 76 14 4c 8d 05 f9 b0 21 00 ba
0x00007ff91c9fbd58:   10 00 00 00 48 8b cb e8 ac f5 a0 ff 48 8b 43 18
0x00007ff91c9fbd68:   48 8d 48 10 48 3b 4b 20 76 11 45 33 c0 48 8b cb
0x00007ff91c9fbd78:   41 8d 50 10 e8 0f f2 a0 ff eb 04 48 89 4b 18 48
0x00007ff91c9fbd88:   89 47 10 48 c7 00 00 00 00 00 8b 6f 08 8d 56 01
0x00007ff91c9fbd98:   85 d2 74 04 85 d6 74 0c 0f bd ca ba 01 00 00 00 


Stack slot to memory mapping:
stack at sp + 0 slots: 0x0000004e897fead8 is pointing into the stack for thread: 0x0000020f1983a320
stack at sp + 1 slots: 0x000000000ad47b47 is an unknown value
stack at sp + 2 slots: 0x0000000000008000 is an unknown value
stack at sp + 3 slots: 0x00007ff91c977eed jvm.dll
stack at sp + 4 slots: 0x0000020f2bc700a8 points into unknown readable memory: 0x00007ff91cc9cce8 | e8 cc c9 1c f9 7f 00 00
stack at sp + 5 slots: 0x00000000000004e1 is an unknown value
stack at sp + 6 slots: 0x0 is NULL
stack at sp + 7 slots: 0x00007ff91c9fc093 jvm.dll


---------------  P R O C E S S  ---------------

Threads class SMR info:
_java_thread_list=0x0000020f1474ae40, length=260, elements={
0x0000020f6c2c3520, 0x0000020f0f1d03a0, 0x0000020f0f1d1120, 0x0000020f0f1e4b20,
0x0000020f0f1e55e0, 0x0000020f0f1e7fb0, 0x0000020f0f1e8870, 0x0000020f0f1ea520,
0x0000020f0f1f63e0, 0x0000020f0f1fad00, 0x0000020f0f2fa0b0, 0x0000020f0fc38c80,
0x0000020f10b0b430, 0x0000020f11ef0a00, 0x0000020f1122e710, 0x0000020f12150980,
0x0000020f12150e50, 0x0000020f120797e0, 0x0000020f120cb610, 0x0000020f12020060,
0x0000020f12023550, 0x0000020f12020530, 0x0000020f12022210, 0x0000020f12020ed0,
0x0000020f12021d40, 0x0000020f120226e0, 0x0000020f12021870, 0x0000020f12023a20,
0x0000020f12022bb0, 0x0000020f12020a00, 0x0000020f12023080, 0x0000020f12aefec0,
0x0000020f12aec030, 0x0000020f12aec9d0, 0x0000020f12aecea0, 0x0000020f12af16d0,
0x0000020f12aed840, 0x0000020f12af1200, 0x0000020f12aec500, 0x0000020f12af0390,
0x0000020f12af2070, 0x0000020f12aedd10, 0x0000020f12aef520, 0x0000020f12af2540,
0x0000020f12aef9f0, 0x0000020f12af0860, 0x0000020f12af0d30, 0x0000020f12af1ba0,
0x0000020f12af2a10, 0x0000020f12af2ee0, 0x0000020f12aeb690, 0x0000020f12aebb60,
0x0000020f1788ef10, 0x0000020f1788b550, 0x0000020f17890bf0, 0x0000020f1788f8b0,
0x0000020f17889d40, 0x0000020f178910c0, 0x0000020f1788f3e0, 0x0000020f1788fd80,
0x0000020f17890720, 0x0000020f1788b080, 0x0000020f1788a6e0, 0x0000020f1788ea40,
0x0000020f1788abb0, 0x0000020f1788ba20, 0x0000020f17890250, 0x0000020f1788a210,
0x0000020f1788bef0, 0x0000020f1788d700, 0x0000020f1788d230, 0x0000020f17889870,
0x0000020f1788c3c0, 0x0000020f1788c890, 0x0000020f1788dbd0, 0x0000020f1788cd60,
0x0000020f1788e0a0, 0x0000020f1788e570, 0x0000020f17fbe8a0, 0x0000020f17fbe3d0,
0x0000020f17fbed70, 0x0000020f17fbf240, 0x0000020f17fc1d90, 0x0000020f17fbd090,
0x0000020f17fc2730, 0x0000020f17fc0580, 0x0000020f17fc2c00, 0x0000020f17fbda30,
0x0000020f17fbf710, 0x0000020f17fbfbe0, 0x0000020f17fbc220, 0x0000020f17fc00b0,
0x0000020f17fbb3b0, 0x0000020f17fc2260, 0x0000020f17fc0a50, 0x0000020f17fbdf00,
0x0000020f17fbd560, 0x0000020f17fc0f20, 0x0000020f17fc13f0, 0x0000020f17fbbd50,
0x0000020f17fbc6f0, 0x0000020f17fc18c0, 0x0000020f17fbb880, 0x0000020f17fbcbc0,
0x0000020f1743a580, 0x0000020f1743a0b0, 0x0000020f1743b3f0, 0x0000020f1743bd90,
0x0000020f17438d70, 0x0000020f1743b8c0, 0x0000020f17439240, 0x0000020f17439be0,
0x0000020f1743aa50, 0x0000020f1743c260, 0x0000020f1743c730, 0x0000020f1743af20,
0x0000020f17439710, 0x0000020f17f16990, 0x0000020f17f11c90, 0x0000020f17f12b00,
0x0000020f17f181a0, 0x0000020f17f12160, 0x0000020f17f164c0, 0x0000020f17f12630,
0x0000020f17f18b40, 0x0000020f17f18670, 0x0000020f17f14310, 0x0000020f17f16e60,
0x0000020f17f194e0, 0x0000020f17f17330, 0x0000020f17f147e0, 0x0000020f17f12fd0,
0x0000020f17f15180, 0x0000020f17f14cb0, 0x0000020f17f19010, 0x0000020f17f13e40,
0x0000020f17f15b20, 0x0000020f1b8ef8f0, 0x0000020f1b8ebf30, 0x0000020f1b8ed740,
0x0000020f1b8ef420, 0x0000020f1b8ec8d0, 0x0000020f1b8ecda0, 0x0000020f1b8ed270,
0x0000020f1b8eea80, 0x0000020f1b8ee0e0, 0x0000020f17f15ff0, 0x0000020f1b53b880,
0x0000020f1b5396d0, 0x0000020f1b535840, 0x0000020f1b53a540, 0x0000020f1b536b80,
0x0000020f1b537050, 0x0000020f1b537ec0, 0x0000020f1b539ba0, 0x0000020f1b5361e0,
0x0000020f1b53c220, 0x0000020f1b53bd50, 0x0000020f1b53a070, 0x0000020f1b53d090,
0x0000020f1b53aa10, 0x0000020f1b53b3b0, 0x0000020f1b53cbc0, 0x0000020f1b537520,
0x0000020f1b5379f0, 0x0000020f1b539200, 0x0000020f1b53aee0, 0x0000020f1b5366b0,
0x0000020f1b538390, 0x0000020f1b53c6f0, 0x0000020f1b535d10, 0x0000020f1b538860,
0x0000020f1b538d30, 0x0000020f14e3c980, 0x0000020f14e3dcc0, 0x0000020f14e40810,
0x0000020f14e3a300, 0x0000020f14e39e30, 0x0000020f14e3ce50, 0x0000020f14e411b0,
0x0000020f14e3f9a0, 0x0000020f14e3e660, 0x0000020f14e3d320, 0x0000020f14e3d7f0,
0x0000020f14e40ce0, 0x0000020f14e40340, 0x0000020f14e39960, 0x0000020f14e3bfe0,
0x0000020f14e3eb30, 0x0000020f14e3a7d0, 0x0000020f14e3aca0, 0x0000020f14e3f000,
0x0000020f14e3b170, 0x0000020f14e3f4d0, 0x0000020f14e3fe70, 0x0000020f14e3b640,
0x0000020f14e3bb10, 0x0000020f11033cd0, 0x0000020f110324c0, 0x0000020f11037690,
0x0000020f11031b20, 0x0000020f11031650, 0x0000020f11038ea0, 0x0000020f11032e60,
0x0000020f110354e0, 0x0000020f11031ff0, 0x0000020f110359b0, 0x0000020f11035e80,
0x0000020f11036820, 0x0000020f11034670, 0x0000020f11036350, 0x0000020f110341a0,
0x0000020f11032990, 0x0000020f11035010, 0x0000020f11033330, 0x0000020f11033800,
0x0000020f110371c0, 0x0000020f11037b60, 0x0000020f11034b40, 0x0000020f11036cf0,
0x0000020f11038030, 0x0000020f11038500, 0x0000020f1b84e120, 0x0000020f1b84eac0,
0x0000020f1b84dc50, 0x0000020f1b850c70, 0x0000020f1b851fb0, 0x0000020f1b84d2b0,
0x0000020f1b84ef90, 0x0000020f1b84f930, 0x0000020f1b851ae0, 0x0000020f1b84d780,
0x0000020f1b84f460, 0x0000020f1b8507a0, 0x0000020f1b84c910, 0x0000020f1b852e20,
0x0000020f1632db10, 0x0000020f1632e530, 0x0000020f1632d600, 0x0000020f1632e020,
0x0000020f199ca920, 0x0000020f199c9110, 0x0000020f199c9f80, 0x0000020f199c9ab0,
0x0000020f199c95e0, 0x0000020f199ca450, 0x0000020f14eab060, 0x0000020f14eab530,
0x0000020f14eaea20, 0x0000020f128df660, 0x0000020f14e34ce0, 0x0000020f15b14fc0,
0x0000020f101b4950, 0x0000020f14eaba00, 0x0000020f14eabed0, 0x0000020f1983a320,
0x0000020f17e79720, 0x0000020f19eec650, 0x0000020f16032a80, 0x0000020f17e7e160
}

Java Threads: ( => current thread )
  0x0000020f6c2c3520 JavaThread "main" [_thread_blocked, id=92996, stack(0x0000004ef5600000,0x0000004ef5700000)]
  0x0000020f0f1d03a0 JavaThread "Reference Handler" daemon [_thread_blocked, id=91480, stack(0x0000004ef5d00000,0x0000004ef5e00000)]
  0x0000020f0f1d1120 JavaThread "Finalizer" daemon [_thread_blocked, id=92260, stack(0x0000004ef5e00000,0x0000004ef5f00000)]
  0x0000020f0f1e4b20 JavaThread "Signal Dispatcher" daemon [_thread_blocked, id=78476, stack(0x0000004ef5f00000,0x0000004ef6000000)]
  0x0000020f0f1e55e0 JavaThread "Attach Listener" daemon [_thread_blocked, id=91312, stack(0x0000004ef6000000,0x0000004ef6100000)]
  0x0000020f0f1e7fb0 JavaThread "Service Thread" daemon [_thread_blocked, id=82320, stack(0x0000004ef6100000,0x0000004ef6200000)]
  0x0000020f0f1e8870 JavaThread "Monitor Deflation Thread" daemon [_thread_blocked, id=85224, stack(0x0000004ef6200000,0x0000004ef6300000)]
  0x0000020f0f1ea520 JavaThread "C2 CompilerThread0" daemon [_thread_in_vm, id=93516, stack(0x0000004ef6300000,0x0000004ef6400000)]
  0x0000020f0f1f63e0 JavaThread "C1 CompilerThread0" daemon [_thread_in_native, id=86860, stack(0x0000004ef6400000,0x0000004ef6500000)]
  0x0000020f0f1fad00 JavaThread "Sweeper thread" daemon [_thread_blocked, id=92584, stack(0x0000004ef6500000,0x0000004ef6600000)]
  0x0000020f0f2fa0b0 JavaThread "Common-Cleaner" daemon [_thread_blocked, id=85800, stack(0x0000004ef6600000,0x0000004ef6700000)]
  0x0000020f0fc38c80 JavaThread "Notification Thread" daemon [_thread_blocked, id=81780, stack(0x0000004ef6c00000,0x0000004ef6d00000)]
  0x0000020f10b0b430 JavaThread "Daemon health stats" [_thread_blocked, id=75132, stack(0x0000004ef8700000,0x0000004ef8800000)]
  0x0000020f11ef0a00 JavaThread "Incoming local TCP Connector on port 64975" [_thread_in_native, id=43204, stack(0x0000004ef8800000,0x0000004ef8900000)]
  0x0000020f1122e710 JavaThread "Daemon periodic checks" [_thread_blocked, id=94008, stack(0x0000004ef8900000,0x0000004ef8a00000)]
  0x0000020f12150980 JavaThread "Daemon" [_thread_blocked, id=84860, stack(0x0000004ef8a00000,0x0000004ef8b00000)]
  0x0000020f12150e50 JavaThread "Handler for socket connection from /127.0.0.1:64975 to /127.0.0.1:64976" [_thread_in_native, id=78396, stack(0x0000004ef8b00000,0x0000004ef8c00000)]
  0x0000020f120797e0 JavaThread "Cancel handler" [_thread_blocked, id=5212, stack(0x0000004ef8c00000,0x0000004ef8d00000)]
  0x0000020f120cb610 JavaThread "Daemon worker" [_thread_blocked, id=85496, stack(0x0000004ef8d00000,0x0000004ef8e00000)]
  0x0000020f12020060 JavaThread "Asynchronous log dispatcher for DefaultDaemonConnection: socket connection from /127.0.0.1:64975 to /127.0.0.1:64976" [_thread_blocked, id=92092, stack(0x0000004ef8e00000,0x0000004ef8f00000)]
  0x0000020f12023550 JavaThread "Stdin handler" [_thread_blocked, id=92732, stack(0x0000004ef8f00000,0x0000004ef9000000)]
  0x0000020f12020530 JavaThread "Daemon client event forwarder" [_thread_in_vm, id=88168, stack(0x0000004ef9000000,0x0000004ef9100000)]
  0x0000020f12022210 JavaThread "Cache worker for journal cache (C:\Users\Vince\.gradle\caches\journal-1)" [_thread_blocked, id=84712, stack(0x0000004ef9100000,0x0000004ef9200000)]
  0x0000020f12020ed0 JavaThread "File lock request listener" [_thread_in_native, id=29724, stack(0x0000004ef9200000,0x0000004ef9300000)]
  0x0000020f12021d40 JavaThread "Cache worker for file hash cache (C:\Users\Vince\.gradle\caches\8.8\fileHashes)" [_thread_blocked, id=83516, stack(0x0000004ef9300000,0x0000004ef9400000)]
  0x0000020f120226e0 JavaThread "Cache worker for file hash cache (C:\Users\Vince\Desktop\My MC Mods\CURRENT\MnAGnosis\.gradle\8.8\fileHashes)" [_thread_blocked, id=78276, stack(0x0000004ef9400000,0x0000004ef9500000)]
  0x0000020f12021870 JavaThread "File watcher server" daemon [_thread_in_native, id=26032, stack(0x0000004ef9500000,0x0000004ef9600000)]
  0x0000020f12023a20 JavaThread "File watcher consumer" daemon [_thread_in_vm, id=86392, stack(0x0000004ef9600000,0x0000004ef9700000)]
  0x0000020f12022bb0 JavaThread "Cache worker for checksums cache (C:\Users\Vince\Desktop\My MC Mods\CURRENT\MnAGnosis\.gradle\8.8\checksums)" [_thread_blocked, id=87108, stack(0x0000004ef9c00000,0x0000004ef9d00000)]
  0x0000020f12020a00 JavaThread "Cache worker for file content cache (C:\Users\Vince\.gradle\caches\8.8\fileContent)" [_thread_blocked, id=78420, stack(0x0000004ef9d00000,0x0000004ef9e00000)]
  0x0000020f12023080 JavaThread "Cache worker for cache directory md-rule (C:\Users\Vince\.gradle\caches\8.8\md-rule)" [_thread_blocked, id=90012, stack(0x0000004ef9e00000,0x0000004ef9f00000)]
  0x0000020f12aefec0 JavaThread "Cache worker for cache directory md-supplier (C:\Users\Vince\.gradle\caches\8.8\md-supplier)" [_thread_blocked, id=51516, stack(0x0000004ef9f00000,0x0000004efa000000)]
  0x0000020f12aec030 JavaThread "jar transforms" [_thread_blocked, id=78416, stack(0x0000004efa000000,0x0000004efa100000)]
  0x0000020f12aec9d0 JavaThread "Unconstrained build operations" [_thread_blocked, id=86480, stack(0x0000004efa100000,0x0000004efa200000)]
  0x0000020f12aecea0 JavaThread "Unconstrained build operations Thread 2" [_thread_blocked, id=86640, stack(0x0000004efa200000,0x0000004efa300000)]
  0x0000020f12af16d0 JavaThread "Unconstrained build operations Thread 3" [_thread_blocked, id=81664, stack(0x0000004efa300000,0x0000004efa400000)]
  0x0000020f12aed840 JavaThread "Unconstrained build operations Thread 4" [_thread_blocked, id=86232, stack(0x0000004efa400000,0x0000004efa500000)]
  0x0000020f12af1200 JavaThread "Unconstrained build operations Thread 5" [_thread_blocked, id=93644, stack(0x0000004efa500000,0x0000004efa600000)]
  0x0000020f12aec500 JavaThread "Unconstrained build operations Thread 6" [_thread_blocked, id=89924, stack(0x0000004efa600000,0x0000004efa700000)]
  0x0000020f12af0390 JavaThread "jar transforms Thread 2" [_thread_blocked, id=93016, stack(0x0000004efa700000,0x0000004efa800000)]
  0x0000020f12af2070 JavaThread "Cache worker for Build Output Cleanup Cache (C:\Users\Vince\Desktop\My MC Mods\CURRENT\MnAGnosis\.gradle\buildOutputCleanup)" [_thread_blocked, id=74848, stack(0x0000004efa800000,0x0000004efa900000)]
  0x0000020f12aedd10 JavaThread "jar transforms Thread 3" [_thread_blocked, id=90196, stack(0x0000004efa900000,0x0000004efaa00000)]
  0x0000020f12aef520 JavaThread "Unconstrained build operations Thread 7" [_thread_blocked, id=79708, stack(0x0000004efaa00000,0x0000004efab00000)]
  0x0000020f12af2540 JavaThread "Unconstrained build operations Thread 8" [_thread_blocked, id=88236, stack(0x0000004efab00000,0x0000004efac00000)]
  0x0000020f12aef9f0 JavaThread "Unconstrained build operations Thread 9" [_thread_blocked, id=78308, stack(0x0000004efac00000,0x0000004efad00000)]
  0x0000020f12af0860 JavaThread "Unconstrained build operations Thread 10" [_thread_blocked, id=79844, stack(0x0000004efad00000,0x0000004efae00000)]
  0x0000020f12af0d30 JavaThread "Unconstrained build operations Thread 11" [_thread_blocked, id=82956, stack(0x0000004efae00000,0x0000004efaf00000)]
  0x0000020f12af1ba0 JavaThread "Unconstrained build operations Thread 12" [_thread_blocked, id=79472, stack(0x0000004efaf00000,0x0000004efb000000)]
  0x0000020f12af2a10 JavaThread "Unconstrained build operations Thread 13" [_thread_blocked, id=84692, stack(0x0000004efb000000,0x0000004efb100000)]
  0x0000020f12af2ee0 JavaThread "Unconstrained build operations Thread 14" [_thread_blocked, id=66204, stack(0x0000004efb100000,0x0000004efb200000)]
  0x0000020f12aeb690 JavaThread "Unconstrained build operations Thread 15" [_thread_blocked, id=92184, stack(0x0000004efb200000,0x0000004efb300000)]
  0x0000020f12aebb60 JavaThread "Unconstrained build operations Thread 16" [_thread_blocked, id=81200, stack(0x0000004efb300000,0x0000004efb400000)]
  0x0000020f1788ef10 JavaThread "Unconstrained build operations Thread 17" [_thread_blocked, id=86904, stack(0x0000004efb400000,0x0000004efb500000)]
  0x0000020f1788b550 JavaThread "Unconstrained build operations Thread 18" [_thread_blocked, id=88404, stack(0x0000004efb500000,0x0000004efb600000)]
  0x0000020f17890bf0 JavaThread "Unconstrained build operations Thread 19" [_thread_blocked, id=51828, stack(0x0000004efb600000,0x0000004efb700000)]
  0x0000020f1788f8b0 JavaThread "Unconstrained build operations Thread 20" [_thread_blocked, id=92932, stack(0x0000004efb700000,0x0000004efb800000)]
  0x0000020f17889d40 JavaThread "Unconstrained build operations Thread 21" [_thread_blocked, id=78304, stack(0x0000004efb800000,0x0000004efb900000)]
  0x0000020f178910c0 JavaThread "Unconstrained build operations Thread 22" [_thread_blocked, id=54144, stack(0x0000004efb900000,0x0000004efba00000)]
  0x0000020f1788f3e0 JavaThread "Unconstrained build operations Thread 23" [_thread_blocked, id=87160, stack(0x0000004efba00000,0x0000004efbb00000)]
  0x0000020f1788fd80 JavaThread "Unconstrained build operations Thread 24" [_thread_blocked, id=90348, stack(0x0000004efbb00000,0x0000004efbc00000)]
  0x0000020f17890720 JavaThread "Unconstrained build operations Thread 25" [_thread_blocked, id=9244, stack(0x0000004efbc00000,0x0000004efbd00000)]
  0x0000020f1788b080 JavaThread "Unconstrained build operations Thread 26" [_thread_blocked, id=91952, stack(0x0000004efbd00000,0x0000004efbe00000)]
  0x0000020f1788a6e0 JavaThread "Unconstrained build operations Thread 27" [_thread_blocked, id=92720, stack(0x0000004efbe00000,0x0000004efbf00000)]
  0x0000020f1788ea40 JavaThread "Unconstrained build operations Thread 28" [_thread_blocked, id=13112, stack(0x0000004efbf00000,0x0000004efc000000)]
  0x0000020f1788abb0 JavaThread "Unconstrained build operations Thread 29" [_thread_blocked, id=91472, stack(0x0000004efc000000,0x0000004efc100000)]
  0x0000020f1788ba20 JavaThread "Unconstrained build operations Thread 30" [_thread_blocked, id=90524, stack(0x0000004efc100000,0x0000004efc200000)]
  0x0000020f17890250 JavaThread "Unconstrained build operations Thread 31" [_thread_blocked, id=92520, stack(0x0000004efc200000,0x0000004efc300000)]
  0x0000020f1788a210 JavaThread "Unconstrained build operations Thread 32" [_thread_blocked, id=89476, stack(0x0000004efc300000,0x0000004efc400000)]
  0x0000020f1788bef0 JavaThread "Unconstrained build operations Thread 33" [_thread_blocked, id=92540, stack(0x0000004efc400000,0x0000004efc500000)]
  0x0000020f1788d700 JavaThread "Unconstrained build operations Thread 34" [_thread_blocked, id=86752, stack(0x0000004efc500000,0x0000004efc600000)]
  0x0000020f1788d230 JavaThread "Unconstrained build operations Thread 35" [_thread_blocked, id=28124, stack(0x0000004efc600000,0x0000004efc700000)]
  0x0000020f17889870 JavaThread "Unconstrained build operations Thread 36" [_thread_blocked, id=82712, stack(0x0000004efc700000,0x0000004efc800000)]
  0x0000020f1788c3c0 JavaThread "Unconstrained build operations Thread 37" [_thread_blocked, id=86732, stack(0x0000004efc800000,0x0000004efc900000)]
  0x0000020f1788c890 JavaThread "Unconstrained build operations Thread 38" [_thread_blocked, id=90004, stack(0x0000004efc900000,0x0000004efca00000)]
  0x0000020f1788dbd0 JavaThread "Unconstrained build operations Thread 39" [_thread_blocked, id=15116, stack(0x0000004efca00000,0x0000004efcb00000)]
  0x0000020f1788cd60 JavaThread "Unconstrained build operations Thread 40" [_thread_blocked, id=87152, stack(0x0000004efcb00000,0x0000004efcc00000)]
  0x0000020f1788e0a0 JavaThread "Unconstrained build operations Thread 41" [_thread_blocked, id=85232, stack(0x0000004efcc00000,0x0000004efcd00000)]
  0x0000020f1788e570 JavaThread "Unconstrained build operations Thread 42" [_thread_blocked, id=81632, stack(0x0000004efcd00000,0x0000004efce00000)]
  0x0000020f17fbe8a0 JavaThread "Unconstrained build operations Thread 43" [_thread_blocked, id=90988, stack(0x0000004efce00000,0x0000004efcf00000)]
  0x0000020f17fbe3d0 JavaThread "Unconstrained build operations Thread 44" [_thread_blocked, id=86872, stack(0x0000004efcf00000,0x0000004efd000000)]
  0x0000020f17fbed70 JavaThread "Unconstrained build operations Thread 45" [_thread_blocked, id=90820, stack(0x0000004efd000000,0x0000004efd100000)]
  0x0000020f17fbf240 JavaThread "Unconstrained build operations Thread 46" [_thread_blocked, id=78096, stack(0x0000004efd100000,0x0000004efd200000)]
  0x0000020f17fc1d90 JavaThread "Unconstrained build operations Thread 47" [_thread_blocked, id=77064, stack(0x0000004efd200000,0x0000004efd300000)]
  0x0000020f17fbd090 JavaThread "Unconstrained build operations Thread 48" [_thread_blocked, id=94760, stack(0x0000004efd300000,0x0000004efd400000)]
  0x0000020f17fc2730 JavaThread "Unconstrained build operations Thread 49" [_thread_blocked, id=86880, stack(0x0000004efd400000,0x0000004efd500000)]
  0x0000020f17fc0580 JavaThread "Unconstrained build operations Thread 50" [_thread_blocked, id=69992, stack(0x0000004efd500000,0x0000004efd600000)]
  0x0000020f17fc2c00 JavaThread "Unconstrained build operations Thread 51" [_thread_blocked, id=93928, stack(0x0000004efd600000,0x0000004efd700000)]
  0x0000020f17fbda30 JavaThread "Unconstrained build operations Thread 52" [_thread_blocked, id=90088, stack(0x0000004efd700000,0x0000004efd800000)]
  0x0000020f17fbf710 JavaThread "Unconstrained build operations Thread 53" [_thread_blocked, id=91168, stack(0x0000004efd800000,0x0000004efd900000)]
  0x0000020f17fbfbe0 JavaThread "Unconstrained build operations Thread 54" [_thread_blocked, id=47140, stack(0x0000004efd900000,0x0000004efda00000)]
  0x0000020f17fbc220 JavaThread "Unconstrained build operations Thread 55" [_thread_blocked, id=91660, stack(0x0000004efda00000,0x0000004efdb00000)]
  0x0000020f17fc00b0 JavaThread "Unconstrained build operations Thread 56" [_thread_blocked, id=76056, stack(0x0000004efdb00000,0x0000004efdc00000)]
  0x0000020f17fbb3b0 JavaThread "Unconstrained build operations Thread 57" [_thread_blocked, id=87420, stack(0x0000004efdc00000,0x0000004efdd00000)]
  0x0000020f17fc2260 JavaThread "Unconstrained build operations Thread 58" [_thread_blocked, id=90876, stack(0x0000004efdd00000,0x0000004efde00000)]
  0x0000020f17fc0a50 JavaThread "Unconstrained build operations Thread 59" [_thread_blocked, id=86992, stack(0x0000004efde00000,0x0000004efdf00000)]
  0x0000020f17fbdf00 JavaThread "Unconstrained build operations Thread 60" [_thread_blocked, id=66196, stack(0x0000004efdf00000,0x0000004efe000000)]
  0x0000020f17fbd560 JavaThread "Unconstrained build operations Thread 61" [_thread_blocked, id=82292, stack(0x0000004efe000000,0x0000004efe100000)]
  0x0000020f17fc0f20 JavaThread "Unconstrained build operations Thread 62" [_thread_blocked, id=89076, stack(0x0000004efe100000,0x0000004efe200000)]
  0x0000020f17fc13f0 JavaThread "Unconstrained build operations Thread 63" [_thread_blocked, id=93288, stack(0x0000004efe200000,0x0000004efe300000)]
  0x0000020f17fbbd50 JavaThread "Unconstrained build operations Thread 64" [_thread_blocked, id=72388, stack(0x0000004efe300000,0x0000004efe400000)]
  0x0000020f17fbc6f0 JavaThread "Unconstrained build operations Thread 65" [_thread_blocked, id=85296, stack(0x0000004efe400000,0x0000004efe500000)]
  0x0000020f17fc18c0 JavaThread "Unconstrained build operations Thread 66" [_thread_blocked, id=83328, stack(0x0000004efe500000,0x0000004efe600000)]
  0x0000020f17fbb880 JavaThread "Unconstrained build operations Thread 67" [_thread_blocked, id=23788, stack(0x0000004efe600000,0x0000004efe700000)]
  0x0000020f17fbcbc0 JavaThread "Unconstrained build operations Thread 68" [_thread_blocked, id=36532, stack(0x0000004efe700000,0x0000004efe800000)]
  0x0000020f1743a580 JavaThread "Unconstrained build operations Thread 69" [_thread_blocked, id=87376, stack(0x0000004efe800000,0x0000004efe900000)]
  0x0000020f1743a0b0 JavaThread "Unconstrained build operations Thread 70" [_thread_blocked, id=52596, stack(0x0000004efe900000,0x0000004efea00000)]
  0x0000020f1743b3f0 JavaThread "Unconstrained build operations Thread 71" [_thread_blocked, id=90544, stack(0x0000004efea00000,0x0000004efeb00000)]
  0x0000020f1743bd90 JavaThread "Unconstrained build operations Thread 72" [_thread_blocked, id=53604, stack(0x0000004efeb00000,0x0000004efec00000)]
  0x0000020f17438d70 JavaThread "Unconstrained build operations Thread 73" [_thread_blocked, id=68136, stack(0x0000004efec00000,0x0000004efed00000)]
  0x0000020f1743b8c0 JavaThread "Unconstrained build operations Thread 74" [_thread_blocked, id=30848, stack(0x0000004efed00000,0x0000004efee00000)]
  0x0000020f17439240 JavaThread "Unconstrained build operations Thread 75" [_thread_blocked, id=95184, stack(0x0000004efee00000,0x0000004efef00000)]
  0x0000020f17439be0 JavaThread "Unconstrained build operations Thread 76" [_thread_blocked, id=84084, stack(0x0000004efef00000,0x0000004eff000000)]
  0x0000020f1743aa50 JavaThread "Unconstrained build operations Thread 77" [_thread_blocked, id=90716, stack(0x0000004eff000000,0x0000004eff100000)]
  0x0000020f1743c260 JavaThread "Unconstrained build operations Thread 78" [_thread_blocked, id=22004, stack(0x0000004eff100000,0x0000004eff200000)]
  0x0000020f1743c730 JavaThread "Unconstrained build operations Thread 79" [_thread_blocked, id=93884, stack(0x0000004eff200000,0x0000004eff300000)]
  0x0000020f1743af20 JavaThread "Unconstrained build operations Thread 80" [_thread_blocked, id=91436, stack(0x0000004eff300000,0x0000004eff400000)]
  0x0000020f17439710 JavaThread "Unconstrained build operations Thread 81" [_thread_blocked, id=87044, stack(0x0000004eff400000,0x0000004eff500000)]
  0x0000020f17f16990 JavaThread "Unconstrained build operations Thread 82" [_thread_blocked, id=91932, stack(0x0000004eff500000,0x0000004eff600000)]
  0x0000020f17f11c90 JavaThread "Unconstrained build operations Thread 83" [_thread_blocked, id=94336, stack(0x0000004eff600000,0x0000004eff700000)]
  0x0000020f17f12b00 JavaThread "Unconstrained build operations Thread 84" [_thread_blocked, id=83344, stack(0x0000004eff700000,0x0000004eff800000)]
  0x0000020f17f181a0 JavaThread "Unconstrained build operations Thread 85" [_thread_blocked, id=50588, stack(0x0000004eff800000,0x0000004eff900000)]
  0x0000020f17f12160 JavaThread "Unconstrained build operations Thread 86" [_thread_blocked, id=71216, stack(0x0000004eff900000,0x0000004effa00000)]
  0x0000020f17f164c0 JavaThread "Unconstrained build operations Thread 87" [_thread_blocked, id=90976, stack(0x0000004effa00000,0x0000004effb00000)]
  0x0000020f17f12630 JavaThread "Unconstrained build operations Thread 88" [_thread_blocked, id=87700, stack(0x0000004effb00000,0x0000004effc00000)]
  0x0000020f17f18b40 JavaThread "Unconstrained build operations Thread 89" [_thread_blocked, id=94740, stack(0x0000004effc00000,0x0000004effd00000)]
  0x0000020f17f18670 JavaThread "Unconstrained build operations Thread 90" [_thread_blocked, id=83004, stack(0x0000004effd00000,0x0000004effe00000)]
  0x0000020f17f14310 JavaThread "Unconstrained build operations Thread 91" [_thread_blocked, id=90008, stack(0x0000004effe00000,0x0000004efff00000)]
  0x0000020f17f16e60 JavaThread "Unconstrained build operations Thread 92" [_thread_blocked, id=55324, stack(0x0000004efff00000,0x0000004f00000000)]
  0x0000020f17f194e0 JavaThread "Unconstrained build operations Thread 93" [_thread_blocked, id=80348, stack(0x0000004e80000000,0x0000004e80100000)]
  0x0000020f17f17330 JavaThread "Unconstrained build operations Thread 94" [_thread_blocked, id=83904, stack(0x0000004e80100000,0x0000004e80200000)]
  0x0000020f17f147e0 JavaThread "Unconstrained build operations Thread 95" [_thread_blocked, id=94796, stack(0x0000004e80200000,0x0000004e80300000)]
  0x0000020f17f12fd0 JavaThread "Unconstrained build operations Thread 96" [_thread_blocked, id=90508, stack(0x0000004e80300000,0x0000004e80400000)]
  0x0000020f17f15180 JavaThread "Unconstrained build operations Thread 97" [_thread_blocked, id=89180, stack(0x0000004e80400000,0x0000004e80500000)]
  0x0000020f17f14cb0 JavaThread "Unconstrained build operations Thread 98" [_thread_blocked, id=94236, stack(0x0000004e80600000,0x0000004e80700000)]
  0x0000020f17f19010 JavaThread "Unconstrained build operations Thread 99" [_thread_blocked, id=90184, stack(0x0000004e80700000,0x0000004e80800000)]
  0x0000020f17f13e40 JavaThread "Memory manager" [_thread_blocked, id=92788, stack(0x0000004e80900000,0x0000004e80a00000)]
  0x0000020f17f15b20 JavaThread "jar transforms Thread 4" [_thread_blocked, id=94876, stack(0x0000004e81000000,0x0000004e81100000)]
  0x0000020f1b8ef8f0 JavaThread "Unconstrained build operations Thread 100" [_thread_blocked, id=94540, stack(0x0000004e81100000,0x0000004e81200000)]
  0x0000020f1b8ebf30 JavaThread "Unconstrained build operations Thread 101" [_thread_blocked, id=88400, stack(0x0000004e81200000,0x0000004e81300000)]
  0x0000020f1b8ed740 JavaThread "Unconstrained build operations Thread 102" [_thread_blocked, id=86704, stack(0x0000004e81300000,0x0000004e81400000)]
  0x0000020f1b8ef420 JavaThread "Unconstrained build operations Thread 103" [_thread_blocked, id=83244, stack(0x0000004e81400000,0x0000004e81500000)]
  0x0000020f1b8ec8d0 JavaThread "Unconstrained build operations Thread 104" [_thread_blocked, id=76692, stack(0x0000004e81500000,0x0000004e81600000)]
  0x0000020f1b8ecda0 JavaThread "Unconstrained build operations Thread 105" [_thread_blocked, id=58820, stack(0x0000004e81600000,0x0000004e81700000)]
  0x0000020f1b8ed270 JavaThread "Unconstrained build operations Thread 106" [_thread_blocked, id=81388, stack(0x0000004e81700000,0x0000004e81800000)]
  0x0000020f1b8eea80 JavaThread "Unconstrained build operations Thread 107" [_thread_blocked, id=86828, stack(0x0000004e81800000,0x0000004e81900000)]
  0x0000020f1b8ee0e0 JavaThread "Unconstrained build operations Thread 108" [_thread_blocked, id=80596, stack(0x0000004e81900000,0x0000004e81a00000)]
  0x0000020f17f15ff0 JavaThread "Unconstrained build operations Thread 109" [_thread_blocked, id=93612, stack(0x0000004e81a00000,0x0000004e81b00000)]
  0x0000020f1b53b880 JavaThread "Unconstrained build operations Thread 110" [_thread_blocked, id=93412, stack(0x0000004e81b00000,0x0000004e81c00000)]
  0x0000020f1b5396d0 JavaThread "Unconstrained build operations Thread 111" [_thread_blocked, id=91816, stack(0x0000004e81c00000,0x0000004e81d00000)]
  0x0000020f1b535840 JavaThread "Unconstrained build operations Thread 112" [_thread_blocked, id=90640, stack(0x0000004e81d00000,0x0000004e81e00000)]
  0x0000020f1b53a540 JavaThread "Unconstrained build operations Thread 113" [_thread_blocked, id=94840, stack(0x0000004e81e00000,0x0000004e81f00000)]
  0x0000020f1b536b80 JavaThread "Unconstrained build operations Thread 114" [_thread_blocked, id=86788, stack(0x0000004e81f00000,0x0000004e82000000)]
  0x0000020f1b537050 JavaThread "Unconstrained build operations Thread 115" [_thread_blocked, id=80404, stack(0x0000004e82000000,0x0000004e82100000)]
  0x0000020f1b537ec0 JavaThread "Unconstrained build operations Thread 116" [_thread_blocked, id=90932, stack(0x0000004e82100000,0x0000004e82200000)]
  0x0000020f1b539ba0 JavaThread "Unconstrained build operations Thread 117" [_thread_blocked, id=61488, stack(0x0000004e82200000,0x0000004e82300000)]
  0x0000020f1b5361e0 JavaThread "Unconstrained build operations Thread 118" [_thread_blocked, id=69072, stack(0x0000004e82300000,0x0000004e82400000)]
  0x0000020f1b53c220 JavaThread "Unconstrained build operations Thread 119" [_thread_blocked, id=81084, stack(0x0000004e82400000,0x0000004e82500000)]
  0x0000020f1b53bd50 JavaThread "Unconstrained build operations Thread 120" [_thread_blocked, id=89192, stack(0x0000004e82500000,0x0000004e82600000)]
  0x0000020f1b53a070 JavaThread "Unconstrained build operations Thread 121" [_thread_blocked, id=90104, stack(0x0000004e82600000,0x0000004e82700000)]
  0x0000020f1b53d090 JavaThread "Unconstrained build operations Thread 122" [_thread_blocked, id=91632, stack(0x0000004e82700000,0x0000004e82800000)]
  0x0000020f1b53aa10 JavaThread "Unconstrained build operations Thread 123" [_thread_blocked, id=81720, stack(0x0000004e82800000,0x0000004e82900000)]
  0x0000020f1b53b3b0 JavaThread "Unconstrained build operations Thread 124" [_thread_blocked, id=94444, stack(0x0000004e82900000,0x0000004e82a00000)]
  0x0000020f1b53cbc0 JavaThread "Unconstrained build operations Thread 125" [_thread_blocked, id=83136, stack(0x0000004e82a00000,0x0000004e82b00000)]
  0x0000020f1b537520 JavaThread "Unconstrained build operations Thread 126" [_thread_blocked, id=81400, stack(0x0000004e82b00000,0x0000004e82c00000)]
  0x0000020f1b5379f0 JavaThread "Unconstrained build operations Thread 127" [_thread_blocked, id=87488, stack(0x0000004e82c00000,0x0000004e82d00000)]
  0x0000020f1b539200 JavaThread "Unconstrained build operations Thread 128" [_thread_blocked, id=56596, stack(0x0000004e82d00000,0x0000004e82e00000)]
  0x0000020f1b53aee0 JavaThread "Unconstrained build operations Thread 129" [_thread_blocked, id=91044, stack(0x0000004e82e00000,0x0000004e82f00000)]
  0x0000020f1b5366b0 JavaThread "Unconstrained build operations Thread 130" [_thread_blocked, id=85652, stack(0x0000004e82f00000,0x0000004e83000000)]
  0x0000020f1b538390 JavaThread "Unconstrained build operations Thread 131" [_thread_blocked, id=85372, stack(0x0000004e83000000,0x0000004e83100000)]
  0x0000020f1b53c6f0 JavaThread "Unconstrained build operations Thread 132" [_thread_blocked, id=58272, stack(0x0000004e83100000,0x0000004e83200000)]
  0x0000020f1b535d10 JavaThread "Unconstrained build operations Thread 133" [_thread_blocked, id=83856, stack(0x0000004e83200000,0x0000004e83300000)]
  0x0000020f1b538860 JavaThread "Unconstrained build operations Thread 134" [_thread_blocked, id=68964, stack(0x0000004e83300000,0x0000004e83400000)]
  0x0000020f1b538d30 JavaThread "Unconstrained build operations Thread 135" [_thread_blocked, id=95228, stack(0x0000004e83400000,0x0000004e83500000)]
  0x0000020f14e3c980 JavaThread "Unconstrained build operations Thread 136" [_thread_blocked, id=94532, stack(0x0000004e83500000,0x0000004e83600000)]
  0x0000020f14e3dcc0 JavaThread "Unconstrained build operations Thread 137" [_thread_blocked, id=34908, stack(0x0000004e83600000,0x0000004e83700000)]
  0x0000020f14e40810 JavaThread "Unconstrained build operations Thread 138" [_thread_blocked, id=75876, stack(0x0000004e83700000,0x0000004e83800000)]
  0x0000020f14e3a300 JavaThread "ForkJoinPool.commonPool-worker-1" daemon [_thread_blocked, id=94560, stack(0x0000004e83800000,0x0000004e83900000)]
  0x0000020f14e39e30 JavaThread "ForkJoinPool.commonPool-worker-2" daemon [_thread_blocked, id=90076, stack(0x0000004e83900000,0x0000004e83a00000)]
  0x0000020f14e3ce50 JavaThread "ForkJoinPool.commonPool-worker-3" daemon [_thread_blocked, id=56964, stack(0x0000004e83a00000,0x0000004e83b00000)]
  0x0000020f14e411b0 JavaThread "ForkJoinPool.commonPool-worker-4" daemon [_thread_blocked, id=92284, stack(0x0000004e83b00000,0x0000004e83c00000)]
  0x0000020f14e3f9a0 JavaThread "ForkJoinPool.commonPool-worker-5" daemon [_thread_blocked, id=92548, stack(0x0000004e83c00000,0x0000004e83d00000)]
  0x0000020f14e3e660 JavaThread "ForkJoinPool.commonPool-worker-6" daemon [_thread_blocked, id=83992, stack(0x0000004e83d00000,0x0000004e83e00000)]
  0x0000020f14e3d320 JavaThread "ForkJoinPool.commonPool-worker-7" daemon [_thread_blocked, id=88988, stack(0x0000004e83e00000,0x0000004e83f00000)]
  0x0000020f14e3d7f0 JavaThread "ForkJoinPool.commonPool-worker-8" daemon [_thread_blocked, id=88644, stack(0x0000004e83f00000,0x0000004e84000000)]
  0x0000020f14e40ce0 JavaThread "ForkJoinPool.commonPool-worker-10" daemon [_thread_blocked, id=83264, stack(0x0000004e84000000,0x0000004e84100000)]
  0x0000020f14e40340 JavaThread "ForkJoinPool.commonPool-worker-9" daemon [_thread_blocked, id=82132, stack(0x0000004e84100000,0x0000004e84200000)]
  0x0000020f14e39960 JavaThread "ForkJoinPool.commonPool-worker-11" daemon [_thread_blocked, id=90760, stack(0x0000004e84200000,0x0000004e84300000)]
  0x0000020f14e3bfe0 JavaThread "Exec process" [_thread_blocked, id=57316, stack(0x0000004e84300000,0x0000004e84400000)]
  0x0000020f14e3eb30 JavaThread "Exec process Thread 2" [_thread_blocked, id=94016, stack(0x0000004e84400000,0x0000004e84500000)]
  0x0000020f14e3a7d0 JavaThread "Exec process Thread 3" [_thread_blocked, id=74564, stack(0x0000004e84500000,0x0000004e84600000)]
  0x0000020f14e3aca0 JavaThread "ForkJoinPool.commonPool-worker-12" daemon [_thread_blocked, id=91356, stack(0x0000004e84600000,0x0000004e84700000)]
  0x0000020f14e3f000 JavaThread "ForkJoinPool.commonPool-worker-13" daemon [_thread_blocked, id=90192, stack(0x0000004e84700000,0x0000004e84800000)]
  0x0000020f14e3b170 JavaThread "ForkJoinPool.commonPool-worker-14" daemon [_thread_blocked, id=82564, stack(0x0000004e84800000,0x0000004e84900000)]
  0x0000020f14e3f4d0 JavaThread "ForkJoinPool.commonPool-worker-15" daemon [_thread_blocked, id=87148, stack(0x0000004e84900000,0x0000004e84a00000)]
  0x0000020f14e3fe70 JavaThread "ForkJoinPool.commonPool-worker-16" daemon [_thread_blocked, id=80480, stack(0x0000004e80d00000,0x0000004e80e00000)]
  0x0000020f14e3b640 JavaThread "ForkJoinPool.commonPool-worker-17" daemon [_thread_blocked, id=86832, stack(0x0000004e80b00000,0x0000004e80c00000)]
  0x0000020f14e3bb10 JavaThread "ForkJoinPool.commonPool-worker-18" daemon [_thread_blocked, id=85100, stack(0x0000004e80800000,0x0000004e80900000)]
  0x0000020f11033cd0 JavaThread "ForkJoinPool.commonPool-worker-19" daemon [_thread_blocked, id=63496, stack(0x0000004e80a00000,0x0000004e80b00000)]
  0x0000020f110324c0 JavaThread "ForkJoinPool.commonPool-worker-20" daemon [_thread_blocked, id=88520, stack(0x0000004e80c00000,0x0000004e80d00000)]
  0x0000020f11037690 JavaThread "ForkJoinPool.commonPool-worker-21" daemon [_thread_blocked, id=92396, stack(0x0000004e80e00000,0x0000004e80f00000)]
  0x0000020f11031b20 JavaThread "ForkJoinPool.commonPool-worker-22" daemon [_thread_blocked, id=22904, stack(0x0000004e80f00000,0x0000004e81000000)]
  0x0000020f11031650 JavaThread "ForkJoinPool.commonPool-worker-23" daemon [_thread_blocked, id=92664, stack(0x0000004e84a00000,0x0000004e84b00000)]
  0x0000020f11038ea0 JavaThread "included builds" [_thread_blocked, id=93824, stack(0x0000004e84c00000,0x0000004e84d00000)]
  0x0000020f11032e60 JavaThread "Execution worker" [_thread_blocked, id=95144, stack(0x0000004e84d00000,0x0000004e84e00000)]
  0x0000020f110354e0 JavaThread "Execution worker Thread 2" [_thread_in_vm, id=81588, stack(0x0000004e84e00000,0x0000004e84f00000)]
  0x0000020f11031ff0 JavaThread "Execution worker Thread 3" [_thread_blocked, id=94308, stack(0x0000004e84f00000,0x0000004e85000000)]
  0x0000020f110359b0 JavaThread "Execution worker Thread 4" [_thread_blocked, id=84648, stack(0x0000004e85000000,0x0000004e85100000)]
  0x0000020f11035e80 JavaThread "Execution worker Thread 5" [_thread_blocked, id=81068, stack(0x0000004e85100000,0x0000004e85200000)]
  0x0000020f11036820 JavaThread "Execution worker Thread 6" [_thread_blocked, id=90896, stack(0x0000004e85200000,0x0000004e85300000)]
  0x0000020f11034670 JavaThread "Execution worker Thread 7" [_thread_blocked, id=94548, stack(0x0000004e85300000,0x0000004e85400000)]
  0x0000020f11036350 JavaThread "Execution worker Thread 8" [_thread_blocked, id=52504, stack(0x0000004e85400000,0x0000004e85500000)]
  0x0000020f110341a0 JavaThread "Execution worker Thread 9" [_thread_blocked, id=80352, stack(0x0000004e85500000,0x0000004e85600000)]
  0x0000020f11032990 JavaThread "Execution worker Thread 10" [_thread_blocked, id=94728, stack(0x0000004e85800000,0x0000004e85900000)]
  0x0000020f11035010 JavaThread "Execution worker Thread 11" [_thread_blocked, id=80396, stack(0x0000004e85900000,0x0000004e85a00000)]
  0x0000020f11033330 JavaThread "Execution worker Thread 12" [_thread_blocked, id=71396, stack(0x0000004e85a00000,0x0000004e85b00000)]
  0x0000020f11033800 JavaThread "Execution worker Thread 13" [_thread_blocked, id=91544, stack(0x0000004e85b00000,0x0000004e85c00000)]
  0x0000020f110371c0 JavaThread "Execution worker Thread 14" [_thread_blocked, id=21108, stack(0x0000004e85c00000,0x0000004e85d00000)]
  0x0000020f11037b60 JavaThread "Execution worker Thread 15" [_thread_blocked, id=92756, stack(0x0000004e85d00000,0x0000004e85e00000)]
  0x0000020f11034b40 JavaThread "Execution worker Thread 16" [_thread_blocked, id=84328, stack(0x0000004e85e00000,0x0000004e85f00000)]
  0x0000020f11036cf0 JavaThread "Execution worker Thread 17" [_thread_blocked, id=91000, stack(0x0000004e85f00000,0x0000004e86000000)]
  0x0000020f11038030 JavaThread "Execution worker Thread 18" [_thread_blocked, id=87788, stack(0x0000004e86000000,0x0000004e86100000)]
  0x0000020f11038500 JavaThread "Execution worker Thread 19" [_thread_blocked, id=93484, stack(0x0000004e86100000,0x0000004e86200000)]
  0x0000020f1b84e120 JavaThread "Execution worker Thread 20" [_thread_blocked, id=94460, stack(0x0000004e86200000,0x0000004e86300000)]
  0x0000020f1b84eac0 JavaThread "Execution worker Thread 21" [_thread_blocked, id=86548, stack(0x0000004e86300000,0x0000004e86400000)]
  0x0000020f1b84dc50 JavaThread "Execution worker Thread 22" [_thread_blocked, id=93148, stack(0x0000004e86400000,0x0000004e86500000)]
  0x0000020f1b850c70 JavaThread "Execution worker Thread 23" [_thread_blocked, id=92460, stack(0x0000004e86500000,0x0000004e86600000)]
  0x0000020f1b851fb0 JavaThread "Execution worker Thread 24" [_thread_blocked, id=90960, stack(0x0000004e86600000,0x0000004e86700000)]
  0x0000020f1b84d2b0 JavaThread "Execution worker Thread 25" [_thread_blocked, id=83396, stack(0x0000004e86700000,0x0000004e86800000)]
  0x0000020f1b84ef90 JavaThread "Execution worker Thread 26" [_thread_blocked, id=84960, stack(0x0000004e86800000,0x0000004e86900000)]
  0x0000020f1b84f930 JavaThread "Execution worker Thread 27" [_thread_blocked, id=92868, stack(0x0000004e86900000,0x0000004e86a00000)]
  0x0000020f1b851ae0 JavaThread "Execution worker Thread 28" [_thread_blocked, id=86208, stack(0x0000004e86a00000,0x0000004e86b00000)]
  0x0000020f1b84d780 JavaThread "Execution worker Thread 29" [_thread_blocked, id=78580, stack(0x0000004e86b00000,0x0000004e86c00000)]
  0x0000020f1b84f460 JavaThread "Execution worker Thread 30" [_thread_blocked, id=85572, stack(0x0000004e86c00000,0x0000004e86d00000)]
  0x0000020f1b8507a0 JavaThread "Execution worker Thread 31" [_thread_blocked, id=84292, stack(0x0000004e86d00000,0x0000004e86e00000)]
  0x0000020f1b84c910 JavaThread "Cache worker for execution history cache (C:\Users\Vince\Desktop\My MC Mods\CURRENT\MnAGnosis\.gradle\8.8\executionHistory)" [_thread_blocked, id=90812, stack(0x0000004e86e00000,0x0000004e86f00000)]
  0x0000020f1b852e20 JavaThread "File lock release action executor" [_thread_blocked, id=20604, stack(0x0000004e84b00000,0x0000004e84c00000)]
  0x0000020f1632db10 JavaThread "C1 CompilerThread1" daemon [_thread_blocked, id=95012, stack(0x0000004e88200000,0x0000004e88300000)]
  0x0000020f1632e530 JavaThread "C1 CompilerThread2" daemon [_thread_blocked, id=83496, stack(0x0000004e88300000,0x0000004e88400000)]
  0x0000020f1632d600 JavaThread "C1 CompilerThread3" daemon [_thread_blocked, id=88200, stack(0x0000004e88400000,0x0000004e88500000)]
  0x0000020f1632e020 JavaThread "C1 CompilerThread4" daemon [_thread_blocked, id=87624, stack(0x0000004e88500000,0x0000004e88600000)]
  0x0000020f199ca920 JavaThread "Unconstrained build operations Thread 139" [_thread_blocked, id=72624, stack(0x0000004e88600000,0x0000004e88700000)]
  0x0000020f199c9110 JavaThread "Unconstrained build operations Thread 140" [_thread_blocked, id=91652, stack(0x0000004e88700000,0x0000004e88800000)]
  0x0000020f199c9f80 JavaThread "Unconstrained build operations Thread 141" [_thread_blocked, id=94824, stack(0x0000004e88800000,0x0000004e88900000)]
  0x0000020f199c9ab0 JavaThread "Unconstrained build operations Thread 142" [_thread_blocked, id=87284, stack(0x0000004e88d00000,0x0000004e88e00000)]
  0x0000020f199c95e0 JavaThread "Unconstrained build operations Thread 143" [_thread_blocked, id=88468, stack(0x0000004e88e00000,0x0000004e88f00000)]
  0x0000020f199ca450 JavaThread "Unconstrained build operations Thread 144" [_thread_blocked, id=82976, stack(0x0000004e88f00000,0x0000004e89000000)]
  0x0000020f14eab060 JavaThread "Unconstrained build operations Thread 145" [_thread_blocked, id=83300, stack(0x0000004e89000000,0x0000004e89100000)]
  0x0000020f14eab530 JavaThread "Unconstrained build operations Thread 146" [_thread_blocked, id=86356, stack(0x0000004e89100000,0x0000004e89200000)]
  0x0000020f14eaea20 JavaThread "Unconstrained build operations Thread 147" [_thread_blocked, id=94972, stack(0x0000004e89200000,0x0000004e89300000)]
  0x0000020f128df660 JavaThread "C2 CompilerThread1" daemon [_thread_in_native, id=51604, stack(0x0000004e89300000,0x0000004e89400000)]
  0x0000020f14e34ce0 JavaThread "C2 CompilerThread2" daemon [_thread_in_native, id=81956, stack(0x0000004e89400000,0x0000004e89500000)]
  0x0000020f15b14fc0 JavaThread "C2 CompilerThread3" daemon [_thread_in_native, id=89960, stack(0x0000004e89500000,0x0000004e89600000)]
  0x0000020f101b4950 JavaThread "C2 CompilerThread4" daemon [_thread_in_native, id=88908, stack(0x0000004e89600000,0x0000004e89700000)]
  0x0000020f14eaba00 JavaThread "Unconstrained build operations Thread 148" [_thread_blocked, id=90456, stack(0x0000004e89b00000,0x0000004e89c00000)]
  0x0000020f14eabed0 JavaThread "Cache worker for Java compile cache (C:\Users\Vince\.gradle\caches\8.8\javaCompile)" [_thread_blocked, id=20596, stack(0x0000004e89c00000,0x0000004e89d00000)]
=>0x0000020f1983a320 JavaThread "C2 CompilerThread5" daemon [_thread_in_native, id=92176, stack(0x0000004e89700000,0x0000004e89800000)]
  0x0000020f17e79720 JavaThread "C2 CompilerThread6" daemon [_thread_in_native, id=94424, stack(0x0000004e89800000,0x0000004e89900000)]
  0x0000020f19eec650 JavaThread "C2 CompilerThread7" daemon [_thread_in_native, id=79236, stack(0x0000004e89900000,0x0000004e89a00000)]
  0x0000020f16032a80 JavaThread "C2 CompilerThread8" daemon [_thread_in_native, id=84184, stack(0x0000004e89a00000,0x0000004e89b00000)]
  0x0000020f17e7e160 JavaThread "C2 CompilerThread9" daemon [_thread_in_vm, id=70808, stack(0x0000004e89d00000,0x0000004e89e00000)]

Other Threads:
  0x0000020f0f1cc8a0 VMThread "VM Thread" [stack: 0x0000004ef5c00000,0x0000004ef5d00000] [id=92040]
  0x0000020f6c357790 WatcherThread [stack: 0x0000004ef6d00000,0x0000004ef6e00000] [id=89368]
  0x0000020f6c31fda0 GCTaskThread "GC Thread#0" [stack: 0x0000004ef5700000,0x0000004ef5800000] [id=93056]
  0x0000020f0ffa1fb0 GCTaskThread "GC Thread#1" [stack: 0x0000004ef7100000,0x0000004ef7200000] [id=94976]
  0x0000020f11ff5af0 GCTaskThread "GC Thread#2" [stack: 0x0000004ef7200000,0x0000004ef7300000] [id=91672]
  0x0000020f108a7770 GCTaskThread "GC Thread#3" [stack: 0x0000004ef7300000,0x0000004ef7400000] [id=89144]
  0x0000020f108a7a20 GCTaskThread "GC Thread#4" [stack: 0x0000004ef7400000,0x0000004ef7500000] [id=70452]
  0x0000020f108a84e0 GCTaskThread "GC Thread#5" [stack: 0x0000004ef7500000,0x0000004ef7600000] [id=13660]
  0x0000020f108a8790 GCTaskThread "GC Thread#6" [stack: 0x0000004ef7600000,0x0000004ef7700000] [id=90752]
  0x0000020f108a8a40 GCTaskThread "GC Thread#7" [stack: 0x0000004ef7700000,0x0000004ef7800000] [id=92592]
  0x0000020f10a35ce0 GCTaskThread "GC Thread#8" [stack: 0x0000004ef7800000,0x0000004ef7900000] [id=90520]
  0x0000020f10a35f90 GCTaskThread "GC Thread#9" [stack: 0x0000004ef7900000,0x0000004ef7a00000] [id=81364]
  0x0000020f10a36610 GCTaskThread "GC Thread#10" [stack: 0x0000004ef7a00000,0x0000004ef7b00000] [id=94224]
  0x0000020f10a36c90 GCTaskThread "GC Thread#11" [stack: 0x0000004ef7b00000,0x0000004ef7c00000] [id=91172]
  0x0000020f10a36f40 GCTaskThread "GC Thread#12" [stack: 0x0000004ef7c00000,0x0000004ef7d00000] [id=93216]
  0x0000020f10366a60 GCTaskThread "GC Thread#13" [stack: 0x0000004ef7d00000,0x0000004ef7e00000] [id=56956]
  0x0000020f108f15a0 GCTaskThread "GC Thread#14" [stack: 0x0000004ef7e00000,0x0000004ef7f00000] [id=81784]
  0x0000020f108f25c0 GCTaskThread "GC Thread#15" [stack: 0x0000004ef7f00000,0x0000004ef8000000] [id=55400]
  0x0000020f108f3080 GCTaskThread "GC Thread#16" [stack: 0x0000004ef8000000,0x0000004ef8100000] [id=93028]
  0x0000020f108f2870 GCTaskThread "GC Thread#17" [stack: 0x0000004ef8100000,0x0000004ef8200000] [id=92412]
  0x0000020f108f2b20 GCTaskThread "GC Thread#18" [stack: 0x0000004ef8200000,0x0000004ef8300000] [id=94216]
  0x0000020f108f1850 GCTaskThread "GC Thread#19" [stack: 0x0000004ef8300000,0x0000004ef8400000] [id=77012]
  0x0000020f108f1b00 GCTaskThread "GC Thread#20" [stack: 0x0000004ef8400000,0x0000004ef8500000] [id=90168]
  0x0000020f108f1db0 GCTaskThread "GC Thread#21" [stack: 0x0000004ef8500000,0x0000004ef8600000] [id=87172]
  0x0000020f108f2dd0 GCTaskThread "GC Thread#22" [stack: 0x0000004ef8600000,0x0000004ef8700000] [id=35776]
  0x0000020f6c2e00c0 ConcurrentGCThread "G1 Main Marker" [stack: 0x0000004ef5800000,0x0000004ef5900000] [id=93392]
  0x0000020f6c32a230 ConcurrentGCThread "G1 Conc#0" [stack: 0x0000004ef5900000,0x0000004ef5a00000] [id=88104]
  0x0000020f12030360 ConcurrentGCThread "G1 Conc#1" [stack: 0x0000004ef9700000,0x0000004ef9800000] [id=94556]
  0x0000020f1202e320 ConcurrentGCThread "G1 Conc#2" [stack: 0x0000004ef9800000,0x0000004ef9900000] [id=93292]
  0x0000020f120318e0 ConcurrentGCThread "G1 Conc#3" [stack: 0x0000004ef9900000,0x0000004ef9a00000] [id=19276]
  0x0000020f1202e880 ConcurrentGCThread "G1 Conc#4" [stack: 0x0000004ef9a00000,0x0000004ef9b00000] [id=82224]
  0x0000020f1202ede0 ConcurrentGCThread "G1 Conc#5" [stack: 0x0000004ef9b00000,0x0000004ef9c00000] [id=89036]
  0x0000020f6c38e540 ConcurrentGCThread "G1 Refine#0" [stack: 0x0000004ef5a00000,0x0000004ef5b00000] [id=75416]
  0x0000020f17f6e180 ConcurrentGCThread "G1 Refine#1" [stack: 0x0000004e86f00000,0x0000004e87000000] [id=78608]
  0x0000020f17f709c0 ConcurrentGCThread "G1 Refine#2" [stack: 0x0000004e87000000,0x0000004e87100000] [id=67764]
  0x0000020f17f6cd60 ConcurrentGCThread "G1 Refine#3" [stack: 0x0000004e87100000,0x0000004e87200000] [id=83924]
  0x0000020f17f6efe0 ConcurrentGCThread "G1 Refine#4" [stack: 0x0000004e87200000,0x0000004e87300000] [id=94800]
  0x0000020f17f6fb60 ConcurrentGCThread "G1 Refine#5" [stack: 0x0000004e87300000,0x0000004e87400000] [id=91864]
  0x0000020f17f6d040 ConcurrentGCThread "G1 Refine#6" [stack: 0x0000004e87400000,0x0000004e87500000] [id=87380]
  0x0000020f17f6f2c0 ConcurrentGCThread "G1 Refine#7" [stack: 0x0000004e87500000,0x0000004e87600000] [id=75208]
  0x0000020f17f6d600 ConcurrentGCThread "G1 Refine#8" [stack: 0x0000004e87600000,0x0000004e87700000] [id=59984]
  0x0000020f144b5f90 ConcurrentGCThread "G1 Refine#9" [stack: 0x0000004e87700000,0x0000004e87800000] [id=75512]
  0x0000020f144b6550 ConcurrentGCThread "G1 Refine#10" [stack: 0x0000004e87800000,0x0000004e87900000] [id=91868]
  0x0000020f1b4bb8a0 ConcurrentGCThread "G1 Refine#11" [stack: 0x0000004e87900000,0x0000004e87a00000] [id=80172]
  0x0000020f1b4ba1a0 ConcurrentGCThread "G1 Refine#12" [stack: 0x0000004e87a00000,0x0000004e87b00000] [id=87012]
  0x0000020f1b4bad20 ConcurrentGCThread "G1 Refine#13" [stack: 0x0000004e87b00000,0x0000004e87c00000] [id=86896]
  0x0000020f1b4baa40 ConcurrentGCThread "G1 Refine#14" [stack: 0x0000004e87c00000,0x0000004e87d00000] [id=92632]
  0x0000020f1b4bb000 ConcurrentGCThread "G1 Refine#15" [stack: 0x0000004e87d00000,0x0000004e87e00000] [id=90372]
  0x0000020f1b4bb2e0 ConcurrentGCThread "G1 Refine#16" [stack: 0x0000004e87e00000,0x0000004e87f00000] [id=83268]
  0x0000020f1b4bb5c0 ConcurrentGCThread "G1 Refine#17" [stack: 0x0000004e87f00000,0x0000004e88000000] [id=92924]
  0x0000020f1b4b9620 ConcurrentGCThread "G1 Refine#18" [stack: 0x0000004e88000000,0x0000004e88100000] [id=85888]
  0x0000020f1b4bc140 ConcurrentGCThread "G1 Refine#19" [stack: 0x0000004e88900000,0x0000004e88a00000] [id=91996]
  0x0000020f1b4bc420 ConcurrentGCThread "G1 Refine#20" [stack: 0x0000004e88a00000,0x0000004e88b00000] [id=92336]
  0x0000020f1b4bc700 ConcurrentGCThread "G1 Refine#21" [stack: 0x0000004e88b00000,0x0000004e88c00000] [id=84232]
  0x0000020f1b4b9900 ConcurrentGCThread "G1 Refine#22" [stack: 0x0000004e88c00000,0x0000004e88d00000] [id=80164]
  0x0000020f7ee1d060 ConcurrentGCThread "G1 Service" [stack: 0x0000004ef5b00000,0x0000004ef5c00000] [id=85084]

Threads with active compile tasks:
C2 CompilerThread0    37709 18602       4       java.lang.ref.Reference::enqueueFromPending (19 bytes)
C2 CompilerThread1    37709 18519       4       com.sun.tools.javac.jvm.PoolWriter$WriteablePoolHelper::writeConstant (863 bytes)
C2 CompilerThread2    37709 18604       4       com.sun.tools.javac.code.DeferredLintHandler::flush (65 bytes)
C2 CompilerThread3    37709 18359       4       com.sun.tools.javac.comp.Infer$CheckBounds::checkBound (43 bytes)
C2 CompilerThread4    37709 18563       4       com.sun.tools.javac.comp.Attr::check (219 bytes)
C2 CompilerThread5    37709 18575       4       com.sun.tools.javac.jvm.Items$MemberItem::invoke (120 bytes)
C2 CompilerThread6    37709 18562       4       com.sun.tools.javac.jvm.Code::newLocal (25 bytes)
C2 CompilerThread7    37709 18458 %     4       com.sun.tools.javac.jvm.ClassWriter::writeCode @ 186 (900 bytes)
C2 CompilerThread8    37709 18596       4       com.sun.tools.javac.code.Scope$FilterImportScope$$Lambda$2148/0x00000008016dcca8::iterator (12 bytes)
C2 CompilerThread9    37709 18609       4       java.util.Optional::map (30 bytes)

VM state: not at safepoint (normal execution)

VM Mutex/Monitor currently owned by a thread: None

Heap address: 0x0000000740000000, size: 3072 MB, Compressed Oops mode: Zero based, Oop shift amount: 3

CDS archive(s) mapped at: [0x0000000800000000-0x0000000800bd0000-0x0000000800bd0000), size 12386304, SharedBaseAddress: 0x0000000800000000, ArchiveRelocationMode: 0.
Compressed class space mapped at: 0x0000000800c00000-0x0000000840c00000, reserved size: 1073741824
Narrow klass base: 0x0000000800000000, Narrow klass shift: 0, Narrow klass range: 0x100000000

GC Precious Log:
 CPUs: 32 total, 32 available
 Memory: 65276M
 Large Page Support: Disabled
 NUMA Support: Disabled
 Compressed Oops: Enabled (Zero based)
 Heap Region Size: 2M
 Heap Min Capacity: 8M
 Heap Initial Capacity: 1020M
 Heap Max Capacity: 3G
 Pre-touch: Disabled
 Parallel Workers: 23
 Concurrent Workers: 6
 Concurrent Refinement Workers: 23
 Periodic GC: Disabled

Heap:
 garbage-first heap   total 1593344K, used 788166K [0x0000000740000000, 0x0000000800000000)
  region size 2048K, 13 young (26624K), 11 survivors (22528K)
 Metaspace       used 86863K, committed 87616K, reserved 1130496K
  class space    used 11564K, committed 11904K, reserved 1048576K

Heap Regions: E=young(eden), S=young(survivor), O=old, HS=humongous(starts), HC=humongous(continues), CS=collection set, F=free, OA=open archive, CA=closed archive, TAMS=top-at-mark-start (previous, next)
|   0|0x0000000740000000, 0x0000000740200000, 0x0000000740200000|100%|HS|  |TAMS 0x0000000740200000, 0x0000000740000000| Complete 
|   1|0x0000000740200000, 0x0000000740400000, 0x0000000740400000|100%|HC|  |TAMS 0x0000000740400000, 0x0000000740200000| Complete 
|   2|0x0000000740400000, 0x0000000740600000, 0x0000000740600000|100%| O|  |TAMS 0x0000000740600000, 0x0000000740400000| Untracked 
|   3|0x0000000740600000, 0x0000000740800000, 0x0000000740800000|100%| O|  |TAMS 0x0000000740800000, 0x0000000740600000| Untracked 
|   4|0x0000000740800000, 0x0000000740a00000, 0x0000000740a00000|100%| O|  |TAMS 0x0000000740a00000, 0x0000000740800000| Untracked 
|   5|0x0000000740a00000, 0x0000000740c00000, 0x0000000740c00000|100%| O|  |TAMS 0x0000000740c00000, 0x0000000740a00000| Untracked 
|   6|0x0000000740c00000, 0x0000000740e00000, 0x0000000740e00000|100%| O|  |TAMS 0x0000000740e00000, 0x0000000740c00000| Untracked 
|   7|0x0000000740e00000, 0x0000000741000000, 0x0000000741000000|100%| O|  |TAMS 0x0000000741000000, 0x0000000740e00000| Untracked 
|   8|0x0000000741000000, 0x0000000741200000, 0x0000000741200000|100%| O|  |TAMS 0x0000000741200000, 0x0000000741000000| Untracked 
|   9|0x0000000741200000, 0x0000000741400000, 0x0000000741400000|100%| O|  |TAMS 0x0000000741400000, 0x0000000741200000| Untracked 
|  10|0x0000000741400000, 0x0000000741600000, 0x0000000741600000|100%| O|  |TAMS 0x0000000741600000, 0x0000000741400000| Untracked 
|  11|0x0000000741600000, 0x0000000741800000, 0x0000000741800000|100%| O|  |TAMS 0x0000000741800000, 0x0000000741600000| Untracked 
|  12|0x0000000741800000, 0x0000000741a00000, 0x0000000741a00000|100%| O|  |TAMS 0x0000000741a00000, 0x0000000741800000| Untracked 
|  13|0x0000000741a00000, 0x0000000741c00000, 0x0000000741c00000|100%| O|  |TAMS 0x0000000741c00000, 0x0000000741a00000| Untracked 
|  14|0x0000000741c00000, 0x0000000741e00000, 0x0000000741e00000|100%| O|  |TAMS 0x0000000741e00000, 0x0000000741c00000| Untracked 
|  15|0x0000000741e00000, 0x0000000742000000, 0x0000000742000000|100%| O|  |TAMS 0x0000000742000000, 0x0000000741e00000| Untracked 
|  16|0x0000000742000000, 0x0000000742200000, 0x0000000742200000|100%| O|  |TAMS 0x0000000742200000, 0x0000000742000000| Untracked 
|  17|0x0000000742200000, 0x0000000742400000, 0x0000000742400000|100%| O|  |TAMS 0x0000000742400000, 0x0000000742200000| Untracked 
|  18|0x0000000742400000, 0x0000000742600000, 0x0000000742600000|100%| O|  |TAMS 0x0000000742600000, 0x0000000742400000| Untracked 
|  19|0x0000000742600000, 0x0000000742800000, 0x0000000742800000|100%| O|  |TAMS 0x0000000742800000, 0x0000000742600000| Untracked 
|  20|0x0000000742800000, 0x0000000742a00000, 0x0000000742a00000|100%| O|  |TAMS 0x0000000742a00000, 0x0000000742800000| Untracked 
|  21|0x0000000742a00000, 0x0000000742c00000, 0x0000000742c00000|100%| O|  |TAMS 0x0000000742c00000, 0x0000000742a00000| Untracked 
|  22|0x0000000742c00000, 0x0000000742e00000, 0x0000000742e00000|100%|HS|  |TAMS 0x0000000742e00000, 0x0000000742c00000| Complete 
|  23|0x0000000742e00000, 0x0000000743000000, 0x0000000743000000|100%| O|  |TAMS 0x0000000743000000, 0x0000000742e00000| Untracked 
|  24|0x0000000743000000, 0x0000000743200000, 0x0000000743200000|100%| O|  |TAMS 0x0000000743200000, 0x0000000743000000| Untracked 
|  25|0x0000000743200000, 0x0000000743400000, 0x0000000743400000|100%| O|  |TAMS 0x0000000743400000, 0x0000000743200000| Untracked 
|  26|0x0000000743400000, 0x0000000743600000, 0x0000000743600000|100%| O|  |TAMS 0x0000000743600000, 0x0000000743400000| Untracked 
|  27|0x0000000743600000, 0x0000000743800000, 0x0000000743800000|100%| O|  |TAMS 0x0000000743600000, 0x0000000743600000| Untracked 
|  28|0x0000000743800000, 0x0000000743a00000, 0x0000000743a00000|100%| O|  |TAMS 0x0000000743800000, 0x0000000743800000| Untracked 
|  29|0x0000000743a00000, 0x0000000743c00000, 0x0000000743c00000|100%| O|  |TAMS 0x0000000743c00000, 0x0000000743a00000| Untracked 
|  30|0x0000000743c00000, 0x0000000743e00000, 0x0000000743e00000|100%| O|  |TAMS 0x0000000743c00000, 0x0000000743c00000| Untracked 
|  31|0x0000000743e00000, 0x0000000744000000, 0x0000000744000000|100%| O|  |TAMS 0x0000000744000000, 0x0000000743e00000| Untracked 
|  32|0x0000000744000000, 0x0000000744200000, 0x0000000744200000|100%| O|  |TAMS 0x0000000744200000, 0x0000000744000000| Untracked 
|  33|0x0000000744200000, 0x0000000744400000, 0x0000000744400000|100%| O|  |TAMS 0x0000000744400000, 0x0000000744200000| Untracked 
|  34|0x0000000744400000, 0x0000000744600000, 0x0000000744600000|100%| O|  |TAMS 0x0000000744600000, 0x0000000744400000| Untracked 
|  35|0x0000000744600000, 0x0000000744800000, 0x0000000744800000|100%| O|  |TAMS 0x0000000744800000, 0x0000000744600000| Untracked 
|  36|0x0000000744800000, 0x0000000744a00000, 0x0000000744a00000|100%| O|  |TAMS 0x0000000744a00000, 0x0000000744800000| Untracked 
|  37|0x0000000744a00000, 0x0000000744c00000, 0x0000000744c00000|100%| O|  |TAMS 0x0000000744c00000, 0x0000000744a00000| Untracked 
|  38|0x0000000744c00000, 0x0000000744e00000, 0x0000000744e00000|100%| O|  |TAMS 0x0000000744e00000, 0x0000000744c00000| Untracked 
|  39|0x0000000744e00000, 0x0000000745000000, 0x0000000745000000|100%| O|  |TAMS 0x0000000745000000, 0x0000000744e00000| Untracked 
|  40|0x0000000745000000, 0x0000000745200000, 0x0000000745200000|100%| O|  |TAMS 0x0000000745200000, 0x0000000745000000| Untracked 
|  41|0x0000000745200000, 0x0000000745400000, 0x0000000745400000|100%| O|  |TAMS 0x0000000745400000, 0x0000000745200000| Untracked 
|  42|0x0000000745400000, 0x0000000745600000, 0x0000000745600000|100%| O|  |TAMS 0x0000000745600000, 0x0000000745400000| Untracked 
|  43|0x0000000745600000, 0x0000000745800000, 0x0000000745800000|100%| O|  |TAMS 0x0000000745600000, 0x0000000745600000| Untracked 
|  44|0x0000000745800000, 0x0000000745a00000, 0x0000000745a00000|100%| O|  |TAMS 0x0000000745a00000, 0x0000000745800000| Untracked 
|  45|0x0000000745a00000, 0x0000000745c00000, 0x0000000745c00000|100%| O|  |TAMS 0x0000000745a00000, 0x0000000745a00000| Untracked 
|  46|0x0000000745c00000, 0x0000000745e00000, 0x0000000745e00000|100%| O|  |TAMS 0x0000000745c00000, 0x0000000745c00000| Untracked 
|  47|0x0000000745e00000, 0x0000000746000000, 0x0000000746000000|100%| O|  |TAMS 0x0000000745e00000, 0x0000000745e00000| Untracked 
|  48|0x0000000746000000, 0x0000000746200000, 0x0000000746200000|100%| O|  |TAMS 0x0000000746000000, 0x0000000746000000| Untracked 
|  49|0x0000000746200000, 0x0000000746400000, 0x0000000746400000|100%| O|  |TAMS 0x0000000746200000, 0x0000000746200000| Untracked 
|  50|0x0000000746400000, 0x0000000746600000, 0x0000000746600000|100%| O|  |TAMS 0x0000000746400000, 0x0000000746400000| Untracked 
|  51|0x0000000746600000, 0x0000000746800000, 0x0000000746800000|100%| O|  |TAMS 0x0000000746600000, 0x0000000746600000| Untracked 
|  52|0x0000000746800000, 0x0000000746a00000, 0x0000000746a00000|100%| O|  |TAMS 0x0000000746800000, 0x0000000746800000| Untracked 
|  53|0x0000000746a00000, 0x0000000746c00000, 0x0000000746c00000|100%| O|  |TAMS 0x0000000746a00000, 0x0000000746a00000| Untracked 
|  54|0x0000000746c00000, 0x0000000746e00000, 0x0000000746e00000|100%| O|  |TAMS 0x0000000746c00000, 0x0000000746c00000| Untracked 
|  55|0x0000000746e00000, 0x0000000747000000, 0x0000000747000000|100%| O|  |TAMS 0x0000000746e00000, 0x0000000746e00000| Untracked 
|  56|0x0000000747000000, 0x0000000747200000, 0x0000000747200000|100%| O|  |TAMS 0x0000000747000000, 0x0000000747000000| Untracked 
|  57|0x0000000747200000, 0x0000000747400000, 0x0000000747400000|100%| O|  |TAMS 0x0000000747200000, 0x0000000747200000| Untracked 
|  58|0x0000000747400000, 0x0000000747600000, 0x0000000747600000|100%| O|  |TAMS 0x0000000747400000, 0x0000000747400000| Untracked 
|  59|0x0000000747600000, 0x0000000747800000, 0x0000000747800000|100%| O|  |TAMS 0x0000000747600000, 0x0000000747600000| Untracked 
|  60|0x0000000747800000, 0x0000000747a00000, 0x0000000747a00000|100%| O|  |TAMS 0x0000000747800000, 0x0000000747800000| Untracked 
|  61|0x0000000747a00000, 0x0000000747c00000, 0x0000000747c00000|100%| O|  |TAMS 0x0000000747a00000, 0x0000000747a00000| Untracked 
|  62|0x0000000747c00000, 0x0000000747e00000, 0x0000000747e00000|100%| O|  |TAMS 0x0000000747c00000, 0x0000000747c00000| Untracked 
|  63|0x0000000747e00000, 0x0000000748000000, 0x0000000748000000|100%| O|  |TAMS 0x0000000747e00000, 0x0000000747e00000| Untracked 
|  64|0x0000000748000000, 0x0000000748200000, 0x0000000748200000|100%| O|  |TAMS 0x0000000748000000, 0x0000000748000000| Untracked 
|  65|0x0000000748200000, 0x0000000748400000, 0x0000000748400000|100%| O|  |TAMS 0x0000000748400000, 0x0000000748200000| Untracked 
|  66|0x0000000748400000, 0x0000000748600000, 0x0000000748600000|100%| O|  |TAMS 0x0000000748400000, 0x0000000748400000| Untracked 
|  67|0x0000000748600000, 0x0000000748800000, 0x0000000748800000|100%| O|  |TAMS 0x0000000748800000, 0x0000000748600000| Untracked 
|  68|0x0000000748800000, 0x0000000748a00000, 0x0000000748a00000|100%| O|  |TAMS 0x0000000748a00000, 0x0000000748800000| Untracked 
|  69|0x0000000748a00000, 0x0000000748c00000, 0x0000000748c00000|100%| O|  |TAMS 0x0000000748c00000, 0x0000000748a00000| Untracked 
|  70|0x0000000748c00000, 0x0000000748e00000, 0x0000000748e00000|100%| O|  |TAMS 0x0000000748e00000, 0x0000000748c00000| Untracked 
|  71|0x0000000748e00000, 0x0000000749000000, 0x0000000749000000|100%| O|  |TAMS 0x0000000749000000, 0x0000000748e00000| Untracked 
|  72|0x0000000749000000, 0x0000000749200000, 0x0000000749200000|100%| O|  |TAMS 0x0000000749200000, 0x0000000749000000| Untracked 
|  73|0x0000000749200000, 0x0000000749400000, 0x0000000749400000|100%| O|  |TAMS 0x0000000749400000, 0x0000000749200000| Untracked 
|  74|0x0000000749400000, 0x0000000749600000, 0x0000000749600000|100%| O|  |TAMS 0x0000000749600000, 0x0000000749400000| Untracked 
|  75|0x0000000749600000, 0x0000000749800000, 0x0000000749800000|100%| O|  |TAMS 0x0000000749800000, 0x0000000749600000| Untracked 
|  76|0x0000000749800000, 0x0000000749a00000, 0x0000000749a00000|100%| O|  |TAMS 0x0000000749a00000, 0x0000000749800000| Untracked 
|  77|0x0000000749a00000, 0x0000000749c00000, 0x0000000749c00000|100%| O|  |TAMS 0x0000000749c00000, 0x0000000749a00000| Untracked 
|  78|0x0000000749c00000, 0x0000000749e00000, 0x0000000749e00000|100%| O|  |TAMS 0x0000000749e00000, 0x0000000749c00000| Untracked 
|  79|0x0000000749e00000, 0x000000074a000000, 0x000000074a000000|100%| O|  |TAMS 0x000000074a000000, 0x0000000749e00000| Untracked 
|  80|0x000000074a000000, 0x000000074a200000, 0x000000074a200000|100%| O|  |TAMS 0x000000074a200000, 0x000000074a000000| Untracked 
|  81|0x000000074a200000, 0x000000074a400000, 0x000000074a400000|100%| O|  |TAMS 0x000000074a400000, 0x000000074a200000| Untracked 
|  82|0x000000074a400000, 0x000000074a600000, 0x000000074a600000|100%| O|  |TAMS 0x000000074a600000, 0x000000074a400000| Untracked 
|  83|0x000000074a600000, 0x000000074a800000, 0x000000074a800000|100%| O|  |TAMS 0x000000074a800000, 0x000000074a600000| Untracked 
|  84|0x000000074a800000, 0x000000074aa00000, 0x000000074aa00000|100%| O|  |TAMS 0x000000074aa00000, 0x000000074a800000| Untracked 
|  85|0x000000074aa00000, 0x000000074ac00000, 0x000000074ac00000|100%| O|  |TAMS 0x000000074aa00000, 0x000000074aa00000| Untracked 
|  86|0x000000074ac00000, 0x000000074ae00000, 0x000000074ae00000|100%| O|  |TAMS 0x000000074ac00000, 0x000000074ac00000| Untracked 
|  87|0x000000074ae00000, 0x000000074b000000, 0x000000074b000000|100%| O|  |TAMS 0x000000074ae00000, 0x000000074ae00000| Untracked 
|  88|0x000000074b000000, 0x000000074b200000, 0x000000074b200000|100%| O|  |TAMS 0x000000074b000000, 0x000000074b000000| Untracked 
|  89|0x000000074b200000, 0x000000074b400000, 0x000000074b400000|100%| O|  |TAMS 0x000000074b200000, 0x000000074b200000| Untracked 
|  90|0x000000074b400000, 0x000000074b600000, 0x000000074b600000|100%| O|  |TAMS 0x000000074b400000, 0x000000074b400000| Untracked 
|  91|0x000000074b600000, 0x000000074b800000, 0x000000074b800000|100%| O|  |TAMS 0x000000074b600000, 0x000000074b600000| Untracked 
|  92|0x000000074b800000, 0x000000074ba00000, 0x000000074ba00000|100%| O|  |TAMS 0x000000074ba00000, 0x000000074b800000| Untracked 
|  93|0x000000074ba00000, 0x000000074bc00000, 0x000000074bc00000|100%|HS|  |TAMS 0x000000074ba00000, 0x000000074ba00000| Complete 
|  94|0x000000074bc00000, 0x000000074be00000, 0x000000074be00000|100%|HS|  |TAMS 0x000000074bc00000, 0x000000074bc00000| Complete 
|  95|0x000000074be00000, 0x000000074c000000, 0x000000074c000000|100%|HS|  |TAMS 0x000000074be00000, 0x000000074be00000| Complete 
|  96|0x000000074c000000, 0x000000074c200000, 0x000000074c200000|100%| O|  |TAMS 0x000000074c000000, 0x000000074c000000| Untracked 
|  97|0x000000074c200000, 0x000000074c400000, 0x000000074c400000|100%| O|  |TAMS 0x000000074c400000, 0x000000074c200000| Untracked 
|  98|0x000000074c400000, 0x000000074c600000, 0x000000074c600000|100%| O|  |TAMS 0x000000074c400000, 0x000000074c400000| Untracked 
|  99|0x000000074c600000, 0x000000074c800000, 0x000000074c800000|100%| O|  |TAMS 0x000000074c800000, 0x000000074c600000| Untracked 
| 100|0x000000074c800000, 0x000000074ca00000, 0x000000074ca00000|100%| O|  |TAMS 0x000000074ca00000, 0x000000074c800000| Untracked 
| 101|0x000000074ca00000, 0x000000074cc00000, 0x000000074cc00000|100%| O|  |TAMS 0x000000074cc00000, 0x000000074ca00000| Untracked 
| 102|0x000000074cc00000, 0x000000074ce00000, 0x000000074ce00000|100%| O|  |TAMS 0x000000074ce00000, 0x000000074cc00000| Untracked 
| 103|0x000000074ce00000, 0x000000074d000000, 0x000000074d000000|100%| O|  |TAMS 0x000000074d000000, 0x000000074ce00000| Untracked 
| 104|0x000000074d000000, 0x000000074d200000, 0x000000074d200000|100%| O|  |TAMS 0x000000074d200000, 0x000000074d000000| Untracked 
| 105|0x000000074d200000, 0x000000074d400000, 0x000000074d400000|100%| O|  |TAMS 0x000000074d400000, 0x000000074d200000| Untracked 
| 106|0x000000074d400000, 0x000000074d600000, 0x000000074d600000|100%| O|  |TAMS 0x000000074d400000, 0x000000074d400000| Untracked 
| 107|0x000000074d600000, 0x000000074d800000, 0x000000074d800000|100%| O|  |TAMS 0x000000074d800000, 0x000000074d600000| Untracked 
| 108|0x000000074d800000, 0x000000074da00000, 0x000000074da00000|100%| O|  |TAMS 0x000000074da00000, 0x000000074d800000| Untracked 
| 109|0x000000074da00000, 0x000000074dc00000, 0x000000074dc00000|100%| O|  |TAMS 0x000000074da00000, 0x000000074da00000| Untracked 
| 110|0x000000074dc00000, 0x000000074de00000, 0x000000074de00000|100%| O|  |TAMS 0x000000074dc00000, 0x000000074dc00000| Untracked 
| 111|0x000000074de00000, 0x000000074e000000, 0x000000074e000000|100%| O|  |TAMS 0x000000074de00000, 0x000000074de00000| Untracked 
| 112|0x000000074e000000, 0x000000074e200000, 0x000000074e200000|100%| O|  |TAMS 0x000000074e000000, 0x000000074e000000| Untracked 
| 113|0x000000074e200000, 0x000000074e400000, 0x000000074e400000|100%| O|  |TAMS 0x000000074e200000, 0x000000074e200000| Untracked 
| 114|0x000000074e400000, 0x000000074e600000, 0x000000074e600000|100%| O|  |TAMS 0x000000074e400000, 0x000000074e400000| Untracked 
| 115|0x000000074e600000, 0x000000074e800000, 0x000000074e800000|100%| O|  |TAMS 0x000000074e800000, 0x000000074e600000| Untracked 
| 116|0x000000074e800000, 0x000000074ea00000, 0x000000074ea00000|100%| O|  |TAMS 0x000000074ea00000, 0x000000074e800000| Untracked 
| 117|0x000000074ea00000, 0x000000074ec00000, 0x000000074ec00000|100%| O|  |TAMS 0x000000074ea00000, 0x000000074ea00000| Untracked 
| 118|0x000000074ec00000, 0x000000074ee00000, 0x000000074ee00000|100%| O|  |TAMS 0x000000074ec00000, 0x000000074ec00000| Untracked 
| 119|0x000000074ee00000, 0x000000074f000000, 0x000000074f000000|100%| O|  |TAMS 0x000000074ee00000, 0x000000074ee00000| Untracked 
| 120|0x000000074f000000, 0x000000074f200000, 0x000000074f200000|100%| O|  |TAMS 0x000000074f000000, 0x000000074f000000| Untracked 
| 121|0x000000074f200000, 0x000000074f400000, 0x000000074f400000|100%| O|  |TAMS 0x000000074f200000, 0x000000074f200000| Untracked 
| 122|0x000000074f400000, 0x000000074f600000, 0x000000074f600000|100%| O|  |TAMS 0x000000074f400000, 0x000000074f400000| Untracked 
| 123|0x000000074f600000, 0x000000074f800000, 0x000000074f800000|100%| O|  |TAMS 0x000000074f600000, 0x000000074f600000| Untracked 
| 124|0x000000074f800000, 0x000000074fa00000, 0x000000074fa00000|100%| O|  |TAMS 0x000000074f800000, 0x000000074f800000| Untracked 
| 125|0x000000074fa00000, 0x000000074fc00000, 0x000000074fc00000|100%| O|  |TAMS 0x000000074fa00000, 0x000000074fa00000| Untracked 
| 126|0x000000074fc00000, 0x000000074fe00000, 0x000000074fe00000|100%| O|  |TAMS 0x000000074fc00000, 0x000000074fc00000| Untracked 
| 127|0x000000074fe00000, 0x0000000750000000, 0x0000000750000000|100%| O|  |TAMS 0x000000074fe00000, 0x000000074fe00000| Untracked 
| 128|0x0000000750000000, 0x0000000750200000, 0x0000000750200000|100%| O|  |TAMS 0x0000000750000000, 0x0000000750000000| Untracked 
| 129|0x0000000750200000, 0x0000000750400000, 0x0000000750400000|100%| O|  |TAMS 0x0000000750200000, 0x0000000750200000| Untracked 
| 130|0x0000000750400000, 0x0000000750600000, 0x0000000750600000|100%| O|  |TAMS 0x0000000750400000, 0x0000000750400000| Untracked 
| 131|0x0000000750600000, 0x0000000750800000, 0x0000000750800000|100%| O|  |TAMS 0x0000000750600000, 0x0000000750600000| Untracked 
| 132|0x0000000750800000, 0x0000000750a00000, 0x0000000750a00000|100%| O|  |TAMS 0x0000000750800000, 0x0000000750800000| Untracked 
| 133|0x0000000750a00000, 0x0000000750c00000, 0x0000000750c00000|100%| O|  |TAMS 0x0000000750a00000, 0x0000000750a00000| Untracked 
| 134|0x0000000750c00000, 0x0000000750e00000, 0x0000000750e00000|100%| O|  |TAMS 0x0000000750c00000, 0x0000000750c00000| Untracked 
| 135|0x0000000750e00000, 0x0000000751000000, 0x0000000751000000|100%| O|  |TAMS 0x0000000750e00000, 0x0000000750e00000| Untracked 
| 136|0x0000000751000000, 0x0000000751200000, 0x0000000751200000|100%| O|  |TAMS 0x0000000751000000, 0x0000000751000000| Untracked 
| 137|0x0000000751200000, 0x0000000751400000, 0x0000000751400000|100%| O|  |TAMS 0x0000000751200000, 0x0000000751200000| Untracked 
| 138|0x0000000751400000, 0x0000000751600000, 0x0000000751600000|100%| O|  |TAMS 0x0000000751400000, 0x0000000751400000| Untracked 
| 139|0x0000000751600000, 0x0000000751800000, 0x0000000751800000|100%| O|  |TAMS 0x0000000751600000, 0x0000000751600000| Untracked 
| 140|0x0000000751800000, 0x0000000751a00000, 0x0000000751a00000|100%| O|  |TAMS 0x0000000751800000, 0x0000000751800000| Untracked 
| 141|0x0000000751a00000, 0x0000000751c00000, 0x0000000751c00000|100%| O|  |TAMS 0x0000000751a00000, 0x0000000751a00000| Untracked 
| 142|0x0000000751c00000, 0x0000000751e00000, 0x0000000751e00000|100%| O|  |TAMS 0x0000000751c00000, 0x0000000751c00000| Untracked 
| 143|0x0000000751e00000, 0x0000000752000000, 0x0000000752000000|100%| O|  |TAMS 0x0000000751e00000, 0x0000000751e00000| Untracked 
| 144|0x0000000752000000, 0x0000000752200000, 0x0000000752200000|100%| O|  |TAMS 0x0000000752000000, 0x0000000752000000| Untracked 
| 145|0x0000000752200000, 0x0000000752400000, 0x0000000752400000|100%| O|  |TAMS 0x0000000752200000, 0x0000000752200000| Untracked 
| 146|0x0000000752400000, 0x0000000752600000, 0x0000000752600000|100%| O|  |TAMS 0x0000000752400000, 0x0000000752400000| Untracked 
| 147|0x0000000752600000, 0x0000000752800000, 0x0000000752800000|100%| O|  |TAMS 0x0000000752600000, 0x0000000752600000| Untracked 
| 148|0x0000000752800000, 0x0000000752a00000, 0x0000000752a00000|100%| O|  |TAMS 0x0000000752800000, 0x0000000752800000| Untracked 
| 149|0x0000000752a00000, 0x0000000752c00000, 0x0000000752c00000|100%| O|  |TAMS 0x0000000752a00000, 0x0000000752a00000| Untracked 
| 150|0x0000000752c00000, 0x0000000752e00000, 0x0000000752e00000|100%| O|  |TAMS 0x0000000752c00000, 0x0000000752c00000| Untracked 
| 151|0x0000000752e00000, 0x0000000753000000, 0x0000000753000000|100%| O|  |TAMS 0x0000000753000000, 0x0000000752e00000| Untracked 
| 152|0x0000000753000000, 0x0000000753200000, 0x0000000753200000|100%| O|  |TAMS 0x0000000753200000, 0x0000000753000000| Untracked 
| 153|0x0000000753200000, 0x0000000753400000, 0x0000000753400000|100%| O|  |TAMS 0x0000000753200000, 0x0000000753200000| Untracked 
| 154|0x0000000753400000, 0x0000000753600000, 0x0000000753600000|100%| O|  |TAMS 0x0000000753400000, 0x0000000753400000| Untracked 
| 155|0x0000000753600000, 0x0000000753800000, 0x0000000753800000|100%| O|  |TAMS 0x0000000753600000, 0x0000000753600000| Untracked 
| 156|0x0000000753800000, 0x0000000753a00000, 0x0000000753a00000|100%| O|  |TAMS 0x0000000753800000, 0x0000000753800000| Untracked 
| 157|0x0000000753a00000, 0x0000000753c00000, 0x0000000753c00000|100%| O|  |TAMS 0x0000000753a00000, 0x0000000753a00000| Untracked 
| 158|0x0000000753c00000, 0x0000000753e00000, 0x0000000753e00000|100%| O|  |TAMS 0x0000000753c00000, 0x0000000753c00000| Untracked 
| 159|0x0000000753e00000, 0x0000000754000000, 0x0000000754000000|100%| O|  |TAMS 0x0000000753e00000, 0x0000000753e00000| Untracked 
| 160|0x0000000754000000, 0x0000000754200000, 0x0000000754200000|100%| O|  |TAMS 0x0000000754000000, 0x0000000754000000| Untracked 
| 161|0x0000000754200000, 0x0000000754400000, 0x0000000754400000|100%| O|  |TAMS 0x0000000754200000, 0x0000000754200000| Untracked 
| 162|0x0000000754400000, 0x0000000754600000, 0x0000000754600000|100%| O|  |TAMS 0x0000000754400000, 0x0000000754400000| Untracked 
| 163|0x0000000754600000, 0x0000000754800000, 0x0000000754800000|100%| O|  |TAMS 0x0000000754600000, 0x0000000754600000| Untracked 
| 164|0x0000000754800000, 0x0000000754a00000, 0x0000000754a00000|100%| O|  |TAMS 0x0000000754800000, 0x0000000754800000| Untracked 
| 165|0x0000000754a00000, 0x0000000754c00000, 0x0000000754c00000|100%| O|  |TAMS 0x0000000754a00000, 0x0000000754a00000| Untracked 
| 166|0x0000000754c00000, 0x0000000754e00000, 0x0000000754e00000|100%| O|  |TAMS 0x0000000754c00000, 0x0000000754c00000| Untracked 
| 167|0x0000000754e00000, 0x0000000755000000, 0x0000000755000000|100%| O|  |TAMS 0x0000000754e00000, 0x0000000754e00000| Untracked 
| 168|0x0000000755000000, 0x0000000755200000, 0x0000000755200000|100%| O|  |TAMS 0x0000000755000000, 0x0000000755000000| Untracked 
| 169|0x0000000755200000, 0x0000000755400000, 0x0000000755400000|100%| O|  |TAMS 0x0000000755200000, 0x0000000755200000| Untracked 
| 170|0x0000000755400000, 0x0000000755600000, 0x0000000755600000|100%| O|  |TAMS 0x0000000755400000, 0x0000000755400000| Untracked 
| 171|0x0000000755600000, 0x0000000755800000, 0x0000000755800000|100%| O|  |TAMS 0x0000000755800000, 0x0000000755600000| Untracked 
| 172|0x0000000755800000, 0x0000000755a00000, 0x0000000755a00000|100%| O|  |TAMS 0x0000000755800000, 0x0000000755800000| Untracked 
| 173|0x0000000755a00000, 0x0000000755c00000, 0x0000000755c00000|100%| O|  |TAMS 0x0000000755a00000, 0x0000000755a00000| Untracked 
| 174|0x0000000755c00000, 0x0000000755e00000, 0x0000000755e00000|100%| O|  |TAMS 0x0000000755c00000, 0x0000000755c00000| Untracked 
| 175|0x0000000755e00000, 0x0000000756000000, 0x0000000756000000|100%| O|  |TAMS 0x0000000755e00000, 0x0000000755e00000| Untracked 
| 176|0x0000000756000000, 0x0000000756200000, 0x0000000756200000|100%| O|  |TAMS 0x0000000756200000, 0x0000000756000000| Untracked 
| 177|0x0000000756200000, 0x0000000756400000, 0x0000000756400000|100%| O|  |TAMS 0x0000000756200000, 0x0000000756200000| Untracked 
| 178|0x0000000756400000, 0x0000000756600000, 0x0000000756600000|100%| O|  |TAMS 0x0000000756600000, 0x0000000756400000| Untracked 
| 179|0x0000000756600000, 0x0000000756800000, 0x0000000756800000|100%| O|  |TAMS 0x0000000756600000, 0x0000000756600000| Untracked 
| 180|0x0000000756800000, 0x0000000756a00000, 0x0000000756a00000|100%| O|  |TAMS 0x0000000756a00000, 0x0000000756800000| Untracked 
| 181|0x0000000756a00000, 0x0000000756c00000, 0x0000000756c00000|100%| O|  |TAMS 0x0000000756c00000, 0x0000000756a00000| Untracked 
| 182|0x0000000756c00000, 0x0000000756e00000, 0x0000000756e00000|100%| O|  |TAMS 0x0000000756c00000, 0x0000000756c00000| Untracked 
| 183|0x0000000756e00000, 0x0000000757000000, 0x0000000757000000|100%| O|  |TAMS 0x0000000757000000, 0x0000000756e00000| Untracked 
| 184|0x0000000757000000, 0x0000000757200000, 0x0000000757200000|100%| O|  |TAMS 0x0000000757200000, 0x0000000757000000| Untracked 
| 185|0x0000000757200000, 0x0000000757400000, 0x0000000757400000|100%| O|  |TAMS 0x0000000757200000, 0x0000000757200000| Untracked 
| 186|0x0000000757400000, 0x0000000757600000, 0x0000000757600000|100%| O|  |TAMS 0x0000000757400000, 0x0000000757400000| Untracked 
| 187|0x0000000757600000, 0x0000000757800000, 0x0000000757800000|100%| O|  |TAMS 0x0000000757600000, 0x0000000757600000| Untracked 
| 188|0x0000000757800000, 0x0000000757a00000, 0x0000000757a00000|100%| O|  |TAMS 0x0000000757800000, 0x0000000757800000| Untracked 
| 189|0x0000000757a00000, 0x0000000757c00000, 0x0000000757c00000|100%| O|  |TAMS 0x0000000757a00000, 0x0000000757a00000| Untracked 
| 190|0x0000000757c00000, 0x0000000757e00000, 0x0000000757e00000|100%| O|  |TAMS 0x0000000757e00000, 0x0000000757c00000| Untracked 
| 191|0x0000000757e00000, 0x0000000758000000, 0x0000000758000000|100%| O|  |TAMS 0x0000000758000000, 0x0000000757e00000| Untracked 
| 192|0x0000000758000000, 0x0000000758200000, 0x0000000758200000|100%| O|  |TAMS 0x0000000758200000, 0x0000000758000000| Untracked 
| 193|0x0000000758200000, 0x0000000758400000, 0x0000000758400000|100%| O|  |TAMS 0x0000000758400000, 0x0000000758200000| Untracked 
| 194|0x0000000758400000, 0x0000000758600000, 0x0000000758600000|100%| O|  |TAMS 0x0000000758600000, 0x0000000758400000| Untracked 
| 195|0x0000000758600000, 0x0000000758800000, 0x0000000758800000|100%| O|  |TAMS 0x0000000758800000, 0x0000000758600000| Untracked 
| 196|0x0000000758800000, 0x0000000758a00000, 0x0000000758a00000|100%| O|  |TAMS 0x0000000758a00000, 0x0000000758800000| Untracked 
| 197|0x0000000758a00000, 0x0000000758c00000, 0x0000000758c00000|100%| O|  |TAMS 0x0000000758a00000, 0x0000000758a00000| Untracked 
| 198|0x0000000758c00000, 0x0000000758e00000, 0x0000000758e00000|100%| O|  |TAMS 0x0000000758c00000, 0x0000000758c00000| Untracked 
| 199|0x0000000758e00000, 0x0000000759000000, 0x0000000759000000|100%| O|  |TAMS 0x0000000759000000, 0x0000000758e00000| Untracked 
| 200|0x0000000759000000, 0x0000000759200000, 0x0000000759200000|100%| O|  |TAMS 0x0000000759200000, 0x0000000759000000| Untracked 
| 201|0x0000000759200000, 0x0000000759400000, 0x0000000759400000|100%| O|  |TAMS 0x0000000759400000, 0x0000000759200000| Untracked 
| 202|0x0000000759400000, 0x0000000759600000, 0x0000000759600000|100%| O|  |TAMS 0x0000000759600000, 0x0000000759400000| Untracked 
| 203|0x0000000759600000, 0x0000000759800000, 0x0000000759800000|100%| O|  |TAMS 0x0000000759800000, 0x0000000759600000| Untracked 
| 204|0x0000000759800000, 0x0000000759a00000, 0x0000000759a00000|100%| O|  |TAMS 0x0000000759a00000, 0x0000000759800000| Untracked 
| 205|0x0000000759a00000, 0x0000000759c00000, 0x0000000759c00000|100%| O|  |TAMS 0x0000000759c00000, 0x0000000759a00000| Untracked 
| 206|0x0000000759c00000, 0x0000000759e00000, 0x0000000759e00000|100%| O|  |TAMS 0x0000000759e00000, 0x0000000759c00000| Untracked 
| 207|0x0000000759e00000, 0x000000075a000000, 0x000000075a000000|100%| O|  |TAMS 0x000000075a000000, 0x0000000759e00000| Untracked 
| 208|0x000000075a000000, 0x000000075a200000, 0x000000075a200000|100%| O|  |TAMS 0x000000075a200000, 0x000000075a000000| Untracked 
| 209|0x000000075a200000, 0x000000075a400000, 0x000000075a400000|100%| O|  |TAMS 0x000000075a400000, 0x000000075a200000| Untracked 
| 210|0x000000075a400000, 0x000000075a600000, 0x000000075a600000|100%| O|  |TAMS 0x000000075a600000, 0x000000075a400000| Untracked 
| 211|0x000000075a600000, 0x000000075a800000, 0x000000075a800000|100%| O|  |TAMS 0x000000075a800000, 0x000000075a600000| Untracked 
| 212|0x000000075a800000, 0x000000075aa00000, 0x000000075aa00000|100%| O|  |TAMS 0x000000075aa00000, 0x000000075a800000| Untracked 
| 213|0x000000075aa00000, 0x000000075ac00000, 0x000000075ac00000|100%| O|  |TAMS 0x000000075ac00000, 0x000000075aa00000| Untracked 
| 214|0x000000075ac00000, 0x000000075ae00000, 0x000000075ae00000|100%| O|  |TAMS 0x000000075ae00000, 0x000000075ac00000| Untracked 
| 215|0x000000075ae00000, 0x000000075b000000, 0x000000075b000000|100%| O|  |TAMS 0x000000075b000000, 0x000000075ae00000| Untracked 
| 216|0x000000075b000000, 0x000000075b200000, 0x000000075b200000|100%| O|  |TAMS 0x000000075b200000, 0x000000075b000000| Untracked 
| 217|0x000000075b200000, 0x000000075b400000, 0x000000075b400000|100%| O|  |TAMS 0x000000075b400000, 0x000000075b200000| Untracked 
| 218|0x000000075b400000, 0x000000075b600000, 0x000000075b600000|100%| O|  |TAMS 0x000000075b600000, 0x000000075b400000| Untracked 
| 219|0x000000075b600000, 0x000000075b800000, 0x000000075b800000|100%| O|  |TAMS 0x000000075b800000, 0x000000075b600000| Untracked 
| 220|0x000000075b800000, 0x000000075ba00000, 0x000000075ba00000|100%| O|  |TAMS 0x000000075ba00000, 0x000000075b800000| Untracked 
| 221|0x000000075ba00000, 0x000000075bc00000, 0x000000075bc00000|100%| O|  |TAMS 0x000000075bc00000, 0x000000075ba00000| Untracked 
| 222|0x000000075bc00000, 0x000000075be00000, 0x000000075be00000|100%| O|  |TAMS 0x000000075be00000, 0x000000075bc00000| Untracked 
| 223|0x000000075be00000, 0x000000075c000000, 0x000000075c000000|100%| O|  |TAMS 0x000000075c000000, 0x000000075be00000| Untracked 
| 224|0x000000075c000000, 0x000000075c200000, 0x000000075c200000|100%| O|  |TAMS 0x000000075c089000, 0x000000075c000000| Untracked 
| 225|0x000000075c200000, 0x000000075c400000, 0x000000075c400000|100%| O|  |TAMS 0x000000075c200000, 0x000000075c200000| Untracked 
| 226|0x000000075c400000, 0x000000075c600000, 0x000000075c600000|100%| O|  |TAMS 0x000000075c400000, 0x000000075c400000| Untracked 
| 227|0x000000075c600000, 0x000000075c800000, 0x000000075c800000|100%| O|  |TAMS 0x000000075c600000, 0x000000075c600000| Untracked 
| 228|0x000000075c800000, 0x000000075ca00000, 0x000000075ca00000|100%| O|  |TAMS 0x000000075c800000, 0x000000075c800000| Untracked 
| 229|0x000000075ca00000, 0x000000075cc00000, 0x000000075cc00000|100%| O|  |TAMS 0x000000075ca00000, 0x000000075ca00000| Untracked 
| 230|0x000000075cc00000, 0x000000075ce00000, 0x000000075ce00000|100%| O|  |TAMS 0x000000075cc00000, 0x000000075cc00000| Untracked 
| 231|0x000000075ce00000, 0x000000075d000000, 0x000000075d000000|100%| O|  |TAMS 0x000000075ce00000, 0x000000075ce00000| Untracked 
| 232|0x000000075d000000, 0x000000075d200000, 0x000000075d200000|100%| O|  |TAMS 0x000000075d000000, 0x000000075d000000| Untracked 
| 233|0x000000075d200000, 0x000000075d400000, 0x000000075d400000|100%| O|  |TAMS 0x000000075d200000, 0x000000075d200000| Untracked 
| 234|0x000000075d400000, 0x000000075d600000, 0x000000075d600000|100%| O|  |TAMS 0x000000075d400000, 0x000000075d400000| Untracked 
| 235|0x000000075d600000, 0x000000075d800000, 0x000000075d800000|100%| O|  |TAMS 0x000000075d600000, 0x000000075d600000| Untracked 
| 236|0x000000075d800000, 0x000000075da00000, 0x000000075da00000|100%| O|  |TAMS 0x000000075d800000, 0x000000075d800000| Untracked 
| 237|0x000000075da00000, 0x000000075dc00000, 0x000000075dc00000|100%| O|  |TAMS 0x000000075da00000, 0x000000075da00000| Untracked 
| 238|0x000000075dc00000, 0x000000075de00000, 0x000000075de00000|100%| O|  |TAMS 0x000000075dc00000, 0x000000075dc00000| Untracked 
| 239|0x000000075de00000, 0x000000075e000000, 0x000000075e000000|100%| O|  |TAMS 0x000000075de00000, 0x000000075de00000| Untracked 
| 240|0x000000075e000000, 0x000000075e200000, 0x000000075e200000|100%| O|  |TAMS 0x000000075e000000, 0x000000075e000000| Untracked 
| 241|0x000000075e200000, 0x000000075e400000, 0x000000075e400000|100%| O|  |TAMS 0x000000075e200000, 0x000000075e200000| Untracked 
| 242|0x000000075e400000, 0x000000075e600000, 0x000000075e600000|100%| O|  |TAMS 0x000000075e400000, 0x000000075e400000| Untracked 
| 243|0x000000075e600000, 0x000000075e800000, 0x000000075e800000|100%| O|  |TAMS 0x000000075e600000, 0x000000075e600000| Untracked 
| 244|0x000000075e800000, 0x000000075ea00000, 0x000000075ea00000|100%| O|  |TAMS 0x000000075e800000, 0x000000075e800000| Untracked 
| 245|0x000000075ea00000, 0x000000075ec00000, 0x000000075ec00000|100%| O|  |TAMS 0x000000075ea00000, 0x000000075ea00000| Untracked 
| 246|0x000000075ec00000, 0x000000075ee00000, 0x000000075ee00000|100%| O|  |TAMS 0x000000075ec00000, 0x000000075ec00000| Untracked 
| 247|0x000000075ee00000, 0x000000075f000000, 0x000000075f000000|100%| O|  |TAMS 0x000000075ee00000, 0x000000075ee00000| Untracked 
| 248|0x000000075f000000, 0x000000075f200000, 0x000000075f200000|100%| O|  |TAMS 0x000000075f000000, 0x000000075f000000| Untracked 
| 249|0x000000075f200000, 0x000000075f400000, 0x000000075f400000|100%| O|  |TAMS 0x000000075f200000, 0x000000075f200000| Untracked 
| 250|0x000000075f400000, 0x000000075f600000, 0x000000075f600000|100%| O|  |TAMS 0x000000075f400000, 0x000000075f400000| Untracked 
| 251|0x000000075f600000, 0x000000075f800000, 0x000000075f800000|100%| O|  |TAMS 0x000000075f600000, 0x000000075f600000| Untracked 
| 252|0x000000075f800000, 0x000000075fa00000, 0x000000075fa00000|100%| O|  |TAMS 0x000000075f800000, 0x000000075f800000| Untracked 
| 253|0x000000075fa00000, 0x000000075fc00000, 0x000000075fc00000|100%| O|  |TAMS 0x000000075fa00000, 0x000000075fa00000| Untracked 
| 254|0x000000075fc00000, 0x000000075fe00000, 0x000000075fe00000|100%| O|  |TAMS 0x000000075fc00000, 0x000000075fc00000| Untracked 
| 255|0x000000075fe00000, 0x0000000760000000, 0x0000000760000000|100%| O|  |TAMS 0x000000075fe00000, 0x000000075fe00000| Untracked 
| 256|0x0000000760000000, 0x0000000760200000, 0x0000000760200000|100%| O|  |TAMS 0x0000000760000000, 0x0000000760000000| Untracked 
| 257|0x0000000760200000, 0x0000000760400000, 0x0000000760400000|100%| O|  |TAMS 0x0000000760200000, 0x0000000760200000| Untracked 
| 258|0x0000000760400000, 0x0000000760600000, 0x0000000760600000|100%| O|  |TAMS 0x0000000760400000, 0x0000000760400000| Untracked 
| 259|0x0000000760600000, 0x0000000760800000, 0x0000000760800000|100%| O|  |TAMS 0x0000000760600000, 0x0000000760600000| Untracked 
| 260|0x0000000760800000, 0x0000000760a00000, 0x0000000760a00000|100%| O|  |TAMS 0x0000000760800000, 0x0000000760800000| Untracked 
| 261|0x0000000760a00000, 0x0000000760c00000, 0x0000000760c00000|100%| O|  |TAMS 0x0000000760a00000, 0x0000000760a00000| Untracked 
| 262|0x0000000760c00000, 0x0000000760e00000, 0x0000000760e00000|100%| O|  |TAMS 0x0000000760c00000, 0x0000000760c00000| Untracked 
| 263|0x0000000760e00000, 0x0000000761000000, 0x0000000761000000|100%| O|  |TAMS 0x0000000760e00000, 0x0000000760e00000| Untracked 
| 264|0x0000000761000000, 0x0000000761200000, 0x0000000761200000|100%| O|  |TAMS 0x0000000761000000, 0x0000000761000000| Untracked 
| 265|0x0000000761200000, 0x0000000761400000, 0x0000000761400000|100%| O|  |TAMS 0x0000000761200000, 0x0000000761200000| Untracked 
| 266|0x0000000761400000, 0x0000000761600000, 0x0000000761600000|100%| O|  |TAMS 0x0000000761400000, 0x0000000761400000| Untracked 
| 267|0x0000000761600000, 0x0000000761800000, 0x0000000761800000|100%| O|  |TAMS 0x0000000761600000, 0x0000000761600000| Untracked 
| 268|0x0000000761800000, 0x0000000761a00000, 0x0000000761a00000|100%| O|  |TAMS 0x0000000761800000, 0x0000000761800000| Untracked 
| 269|0x0000000761a00000, 0x0000000761c00000, 0x0000000761c00000|100%| O|  |TAMS 0x0000000761a00000, 0x0000000761a00000| Untracked 
| 270|0x0000000761c00000, 0x0000000761e00000, 0x0000000761e00000|100%| O|  |TAMS 0x0000000761c00000, 0x0000000761c00000| Untracked 
| 271|0x0000000761e00000, 0x0000000762000000, 0x0000000762000000|100%| O|  |TAMS 0x0000000761e00000, 0x0000000761e00000| Untracked 
| 272|0x0000000762000000, 0x0000000762200000, 0x0000000762200000|100%| O|  |TAMS 0x0000000762000000, 0x0000000762000000| Untracked 
| 273|0x0000000762200000, 0x0000000762400000, 0x0000000762400000|100%| O|  |TAMS 0x0000000762200000, 0x0000000762200000| Untracked 
| 274|0x0000000762400000, 0x0000000762600000, 0x0000000762600000|100%| O|  |TAMS 0x0000000762400000, 0x0000000762400000| Untracked 
| 275|0x0000000762600000, 0x0000000762800000, 0x0000000762800000|100%| O|  |TAMS 0x0000000762600000, 0x0000000762600000| Untracked 
| 276|0x0000000762800000, 0x0000000762a00000, 0x0000000762a00000|100%| O|  |TAMS 0x0000000762800000, 0x0000000762800000| Untracked 
| 277|0x0000000762a00000, 0x0000000762c00000, 0x0000000762c00000|100%| O|  |TAMS 0x0000000762a00000, 0x0000000762a00000| Untracked 
| 278|0x0000000762c00000, 0x0000000762e00000, 0x0000000762e00000|100%| O|  |TAMS 0x0000000762c00000, 0x0000000762c00000| Untracked 
| 279|0x0000000762e00000, 0x0000000763000000, 0x0000000763000000|100%| O|  |TAMS 0x0000000762e00000, 0x0000000762e00000| Untracked 
| 280|0x0000000763000000, 0x0000000763200000, 0x0000000763200000|100%| O|  |TAMS 0x0000000763000000, 0x0000000763000000| Untracked 
| 281|0x0000000763200000, 0x0000000763400000, 0x0000000763400000|100%| O|  |TAMS 0x0000000763200000, 0x0000000763200000| Untracked 
| 282|0x0000000763400000, 0x0000000763600000, 0x0000000763600000|100%| O|  |TAMS 0x0000000763400000, 0x0000000763400000| Untracked 
| 283|0x0000000763600000, 0x0000000763800000, 0x0000000763800000|100%| O|  |TAMS 0x0000000763600000, 0x0000000763600000| Untracked 
| 284|0x0000000763800000, 0x0000000763a00000, 0x0000000763a00000|100%|HS|  |TAMS 0x0000000763800000, 0x0000000763800000| Complete 
| 285|0x0000000763a00000, 0x0000000763c00000, 0x0000000763c00000|100%| O|  |TAMS 0x0000000763a00000, 0x0000000763a00000| Untracked 
| 286|0x0000000763c00000, 0x0000000763e00000, 0x0000000763e00000|100%| O|  |TAMS 0x0000000763c00000, 0x0000000763c00000| Untracked 
| 287|0x0000000763e00000, 0x0000000764000000, 0x0000000764000000|100%| O|  |TAMS 0x0000000763e00000, 0x0000000763e00000| Untracked 
| 288|0x0000000764000000, 0x0000000764200000, 0x0000000764200000|100%| O|  |TAMS 0x0000000764000000, 0x0000000764000000| Untracked 
| 289|0x0000000764200000, 0x0000000764400000, 0x0000000764400000|100%| O|  |TAMS 0x0000000764200000, 0x0000000764200000| Untracked 
| 290|0x0000000764400000, 0x0000000764600000, 0x0000000764600000|100%| O|  |TAMS 0x0000000764400000, 0x0000000764400000| Untracked 
| 291|0x0000000764600000, 0x0000000764800000, 0x0000000764800000|100%| O|  |TAMS 0x0000000764600000, 0x0000000764600000| Untracked 
| 292|0x0000000764800000, 0x0000000764a00000, 0x0000000764a00000|100%| O|  |TAMS 0x0000000764800000, 0x0000000764800000| Untracked 
| 293|0x0000000764a00000, 0x0000000764c00000, 0x0000000764c00000|100%| O|  |TAMS 0x0000000764a00000, 0x0000000764a00000| Untracked 
| 294|0x0000000764c00000, 0x0000000764e00000, 0x0000000764e00000|100%| O|  |TAMS 0x0000000764c00000, 0x0000000764c00000| Untracked 
| 295|0x0000000764e00000, 0x0000000765000000, 0x0000000765000000|100%| O|  |TAMS 0x0000000764e00000, 0x0000000764e00000| Untracked 
| 296|0x0000000765000000, 0x0000000765200000, 0x0000000765200000|100%| O|  |TAMS 0x0000000765000000, 0x0000000765000000| Untracked 
| 297|0x0000000765200000, 0x0000000765400000, 0x0000000765400000|100%| O|  |TAMS 0x0000000765200000, 0x0000000765200000| Untracked 
| 298|0x0000000765400000, 0x0000000765600000, 0x0000000765600000|100%| O|  |TAMS 0x0000000765400000, 0x0000000765400000| Untracked 
| 299|0x0000000765600000, 0x0000000765800000, 0x0000000765800000|100%| O|  |TAMS 0x0000000765600000, 0x0000000765600000| Untracked 
| 300|0x0000000765800000, 0x0000000765a00000, 0x0000000765a00000|100%| O|  |TAMS 0x0000000765800000, 0x0000000765800000| Untracked 
| 301|0x0000000765a00000, 0x0000000765c00000, 0x0000000765c00000|100%| O|  |TAMS 0x0000000765a00000, 0x0000000765a00000| Untracked 
| 302|0x0000000765c00000, 0x0000000765e00000, 0x0000000765e00000|100%| O|  |TAMS 0x0000000765c00000, 0x0000000765c00000| Untracked 
| 303|0x0000000765e00000, 0x0000000766000000, 0x0000000766000000|100%| O|  |TAMS 0x0000000765e00000, 0x0000000765e00000| Untracked 
| 304|0x0000000766000000, 0x0000000766200000, 0x0000000766200000|100%| O|  |TAMS 0x0000000766000000, 0x0000000766000000| Untracked 
| 305|0x0000000766200000, 0x0000000766400000, 0x0000000766400000|100%| O|  |TAMS 0x0000000766200000, 0x0000000766200000| Untracked 
| 306|0x0000000766400000, 0x0000000766600000, 0x0000000766600000|100%| O|  |TAMS 0x0000000766400000, 0x0000000766400000| Untracked 
| 307|0x0000000766600000, 0x0000000766800000, 0x0000000766800000|100%| O|  |TAMS 0x0000000766600000, 0x0000000766600000| Untracked 
| 308|0x0000000766800000, 0x0000000766a00000, 0x0000000766a00000|100%| O|  |TAMS 0x0000000766800000, 0x0000000766800000| Untracked 
| 309|0x0000000766a00000, 0x0000000766c00000, 0x0000000766c00000|100%| O|  |TAMS 0x0000000766a00000, 0x0000000766a00000| Untracked 
| 310|0x0000000766c00000, 0x0000000766e00000, 0x0000000766e00000|100%| O|  |TAMS 0x0000000766c00000, 0x0000000766c00000| Untracked 
| 311|0x0000000766e00000, 0x0000000767000000, 0x0000000767000000|100%| O|  |TAMS 0x0000000766e00000, 0x0000000766e00000| Untracked 
| 312|0x0000000767000000, 0x0000000767200000, 0x0000000767200000|100%| O|  |TAMS 0x0000000767000000, 0x0000000767000000| Untracked 
| 313|0x0000000767200000, 0x0000000767400000, 0x0000000767400000|100%| O|  |TAMS 0x0000000767200000, 0x0000000767200000| Untracked 
| 314|0x0000000767400000, 0x0000000767600000, 0x0000000767600000|100%| O|  |TAMS 0x0000000767400000, 0x0000000767400000| Untracked 
| 315|0x0000000767600000, 0x0000000767800000, 0x0000000767800000|100%| O|  |TAMS 0x0000000767600000, 0x0000000767600000| Untracked 
| 316|0x0000000767800000, 0x0000000767a00000, 0x0000000767a00000|100%| O|  |TAMS 0x0000000767800000, 0x0000000767800000| Untracked 
| 317|0x0000000767a00000, 0x0000000767c00000, 0x0000000767c00000|100%| O|  |TAMS 0x0000000767a00000, 0x0000000767a00000| Untracked 
| 318|0x0000000767c00000, 0x0000000767e00000, 0x0000000767e00000|100%| O|  |TAMS 0x0000000767c00000, 0x0000000767c00000| Untracked 
| 319|0x0000000767e00000, 0x0000000768000000, 0x0000000768000000|100%| O|  |TAMS 0x0000000767e00000, 0x0000000767e00000| Untracked 
| 320|0x0000000768000000, 0x0000000768200000, 0x0000000768200000|100%| O|  |TAMS 0x0000000768000000, 0x0000000768000000| Untracked 
| 321|0x0000000768200000, 0x0000000768400000, 0x0000000768400000|100%| O|  |TAMS 0x0000000768200000, 0x0000000768200000| Untracked 
| 322|0x0000000768400000, 0x0000000768600000, 0x0000000768600000|100%| O|  |TAMS 0x0000000768400000, 0x0000000768400000| Untracked 
| 323|0x0000000768600000, 0x0000000768800000, 0x0000000768800000|100%| O|  |TAMS 0x0000000768600000, 0x0000000768600000| Untracked 
| 324|0x0000000768800000, 0x0000000768a00000, 0x0000000768a00000|100%| O|  |TAMS 0x0000000768800000, 0x0000000768800000| Untracked 
| 325|0x0000000768a00000, 0x0000000768c00000, 0x0000000768c00000|100%| O|  |TAMS 0x0000000768a00000, 0x0000000768a00000| Untracked 
| 326|0x0000000768c00000, 0x0000000768e00000, 0x0000000768e00000|100%| O|  |TAMS 0x0000000768c00000, 0x0000000768c00000| Untracked 
| 327|0x0000000768e00000, 0x0000000769000000, 0x0000000769000000|100%| O|  |TAMS 0x0000000768e00000, 0x0000000768e00000| Untracked 
| 328|0x0000000769000000, 0x0000000769200000, 0x0000000769200000|100%| O|  |TAMS 0x0000000769000000, 0x0000000769000000| Untracked 
| 329|0x0000000769200000, 0x0000000769400000, 0x0000000769400000|100%| O|  |TAMS 0x0000000769200000, 0x0000000769200000| Untracked 
| 330|0x0000000769400000, 0x0000000769600000, 0x0000000769600000|100%| O|  |TAMS 0x0000000769400000, 0x0000000769400000| Untracked 
| 331|0x0000000769600000, 0x0000000769800000, 0x0000000769800000|100%| O|  |TAMS 0x0000000769600000, 0x0000000769600000| Untracked 
| 332|0x0000000769800000, 0x0000000769a00000, 0x0000000769a00000|100%| O|  |TAMS 0x0000000769800000, 0x0000000769800000| Untracked 
| 333|0x0000000769a00000, 0x0000000769c00000, 0x0000000769c00000|100%| O|  |TAMS 0x0000000769a00000, 0x0000000769a00000| Untracked 
| 334|0x0000000769c00000, 0x0000000769e00000, 0x0000000769e00000|100%| O|  |TAMS 0x0000000769c00000, 0x0000000769c00000| Untracked 
| 335|0x0000000769e00000, 0x000000076a000000, 0x000000076a000000|100%| O|  |TAMS 0x0000000769e00000, 0x0000000769e00000| Untracked 
| 336|0x000000076a000000, 0x000000076a200000, 0x000000076a200000|100%| O|  |TAMS 0x000000076a000000, 0x000000076a000000| Untracked 
| 337|0x000000076a200000, 0x000000076a400000, 0x000000076a400000|100%| O|  |TAMS 0x000000076a200000, 0x000000076a200000| Untracked 
| 338|0x000000076a400000, 0x000000076a600000, 0x000000076a600000|100%| O|  |TAMS 0x000000076a400000, 0x000000076a400000| Untracked 
| 339|0x000000076a600000, 0x000000076a800000, 0x000000076a800000|100%| O|  |TAMS 0x000000076a600000, 0x000000076a600000| Untracked 
| 340|0x000000076a800000, 0x000000076aa00000, 0x000000076aa00000|100%| O|  |TAMS 0x000000076a800000, 0x000000076a800000| Untracked 
| 341|0x000000076aa00000, 0x000000076ac00000, 0x000000076ac00000|100%| O|  |TAMS 0x000000076aa00000, 0x000000076aa00000| Untracked 
| 342|0x000000076ac00000, 0x000000076ae00000, 0x000000076ae00000|100%| O|  |TAMS 0x000000076ac00000, 0x000000076ac00000| Untracked 
| 343|0x000000076ae00000, 0x000000076b000000, 0x000000076b000000|100%| O|  |TAMS 0x000000076ae00000, 0x000000076ae00000| Untracked 
| 344|0x000000076b000000, 0x000000076b200000, 0x000000076b200000|100%| O|  |TAMS 0x000000076b000000, 0x000000076b000000| Untracked 
| 345|0x000000076b200000, 0x000000076b400000, 0x000000076b400000|100%| O|  |TAMS 0x000000076b200000, 0x000000076b200000| Untracked 
| 346|0x000000076b400000, 0x000000076b600000, 0x000000076b600000|100%| O|  |TAMS 0x000000076b400000, 0x000000076b400000| Untracked 
| 347|0x000000076b600000, 0x000000076b800000, 0x000000076b800000|100%| O|  |TAMS 0x000000076b600000, 0x000000076b600000| Untracked 
| 348|0x000000076b800000, 0x000000076ba00000, 0x000000076ba00000|100%| O|  |TAMS 0x000000076b800000, 0x000000076b800000| Untracked 
| 349|0x000000076ba00000, 0x000000076bc00000, 0x000000076bc00000|100%| O|  |TAMS 0x000000076ba00000, 0x000000076ba00000| Untracked 
| 350|0x000000076bc00000, 0x000000076be00000, 0x000000076be00000|100%| O|  |TAMS 0x000000076bc00000, 0x000000076bc00000| Untracked 
| 351|0x000000076be00000, 0x000000076c000000, 0x000000076c000000|100%| O|  |TAMS 0x000000076be00000, 0x000000076be00000| Untracked 
| 352|0x000000076c000000, 0x000000076c200000, 0x000000076c200000|100%| O|  |TAMS 0x000000076c000000, 0x000000076c000000| Untracked 
| 353|0x000000076c200000, 0x000000076c400000, 0x000000076c400000|100%| O|  |TAMS 0x000000076c200000, 0x000000076c200000| Untracked 
| 354|0x000000076c400000, 0x000000076c600000, 0x000000076c600000|100%| O|  |TAMS 0x000000076c400000, 0x000000076c400000| Untracked 
| 355|0x000000076c600000, 0x000000076c800000, 0x000000076c800000|100%| O|  |TAMS 0x000000076c600000, 0x000000076c600000| Untracked 
| 356|0x000000076c800000, 0x000000076ca00000, 0x000000076ca00000|100%| O|  |TAMS 0x000000076c800000, 0x000000076c800000| Untracked 
| 357|0x000000076ca00000, 0x000000076cc00000, 0x000000076cc00000|100%| O|  |TAMS 0x000000076ca00000, 0x000000076ca00000| Untracked 
| 358|0x000000076cc00000, 0x000000076ce00000, 0x000000076ce00000|100%| O|  |TAMS 0x000000076cc00000, 0x000000076cc00000| Untracked 
| 359|0x000000076ce00000, 0x000000076d000000, 0x000000076d000000|100%| O|  |TAMS 0x000000076ce00000, 0x000000076ce00000| Untracked 
| 360|0x000000076d000000, 0x000000076d200000, 0x000000076d200000|100%| O|  |TAMS 0x000000076d000000, 0x000000076d000000| Untracked 
| 361|0x000000076d200000, 0x000000076d400000, 0x000000076d400000|100%| O|  |TAMS 0x000000076d200000, 0x000000076d200000| Untracked 
| 362|0x000000076d400000, 0x000000076d600000, 0x000000076d600000|100%| O|  |TAMS 0x000000076d400000, 0x000000076d400000| Untracked 
| 363|0x000000076d600000, 0x000000076d800000, 0x000000076d800000|100%| O|  |TAMS 0x000000076d600000, 0x000000076d600000| Untracked 
| 364|0x000000076d800000, 0x000000076da00000, 0x000000076da00000|100%| O|  |TAMS 0x000000076d800000, 0x000000076d800000| Untracked 
| 365|0x000000076da00000, 0x000000076dc00000, 0x000000076dc00000|100%| O|  |TAMS 0x000000076da00000, 0x000000076da00000| Untracked 
| 366|0x000000076dc00000, 0x000000076de00000, 0x000000076de00000|100%| O|  |TAMS 0x000000076dc00000, 0x000000076dc00000| Untracked 
| 367|0x000000076de00000, 0x000000076e000000, 0x000000076e000000|100%| O|  |TAMS 0x000000076de00000, 0x000000076de00000| Untracked 
| 368|0x000000076e000000, 0x000000076e200000, 0x000000076e200000|100%| O|  |TAMS 0x000000076e000000, 0x000000076e000000| Untracked 
| 369|0x000000076e200000, 0x000000076e400000, 0x000000076e400000|100%| O|  |TAMS 0x000000076e200000, 0x000000076e200000| Untracked 
| 370|0x000000076e400000, 0x000000076e600000, 0x000000076e600000|100%| O|  |TAMS 0x000000076e400000, 0x000000076e400000| Untracked 
| 371|0x000000076e600000, 0x000000076e800000, 0x000000076e800000|100%| O|  |TAMS 0x000000076e600000, 0x000000076e600000| Untracked 
| 372|0x000000076e800000, 0x000000076ea00000, 0x000000076ea00000|100%| O|  |TAMS 0x000000076e800000, 0x000000076e800000| Untracked 
| 373|0x000000076ea00000, 0x000000076eb45200, 0x000000076ec00000| 63%| O|  |TAMS 0x000000076ea00000, 0x000000076ea00000| Untracked 
| 374|0x000000076ec00000, 0x000000076ec00000, 0x000000076ee00000|  0%| F|  |TAMS 0x000000076ec00000, 0x000000076ec00000| Untracked 
| 375|0x000000076ee00000, 0x000000076ee00000, 0x000000076f000000|  0%| F|  |TAMS 0x000000076ee00000, 0x000000076ee00000| Untracked 
| 376|0x000000076f000000, 0x000000076f000000, 0x000000076f200000|  0%| F|  |TAMS 0x000000076f000000, 0x000000076f000000| Untracked 
| 377|0x000000076f200000, 0x000000076f200000, 0x000000076f400000|  0%| F|  |TAMS 0x000000076f200000, 0x000000076f200000| Untracked 
| 378|0x000000076f400000, 0x000000076f400000, 0x000000076f600000|  0%| F|  |TAMS 0x000000076f400000, 0x000000076f400000| Untracked 
| 379|0x000000076f600000, 0x000000076f600000, 0x000000076f800000|  0%| F|  |TAMS 0x000000076f600000, 0x000000076f600000| Untracked 
| 380|0x000000076f800000, 0x000000076f800000, 0x000000076fa00000|  0%| F|  |TAMS 0x000000076f800000, 0x000000076f800000| Untracked 
| 381|0x000000076fa00000, 0x000000076fa00000, 0x000000076fc00000|  0%| F|  |TAMS 0x000000076fa00000, 0x000000076fa00000| Untracked 
| 382|0x000000076fc00000, 0x000000076fc00000, 0x000000076fe00000|  0%| F|  |TAMS 0x000000076fc00000, 0x000000076fc00000| Untracked 
| 383|0x000000076fe00000, 0x000000076fe00000, 0x0000000770000000|  0%| F|  |TAMS 0x000000076fe00000, 0x000000076fe00000| Untracked 
| 384|0x0000000770000000, 0x0000000770000000, 0x0000000770200000|  0%| F|  |TAMS 0x0000000770000000, 0x0000000770000000| Untracked 
| 385|0x0000000770200000, 0x0000000770200000, 0x0000000770400000|  0%| F|  |TAMS 0x0000000770200000, 0x0000000770200000| Untracked 
| 386|0x0000000770400000, 0x0000000770400000, 0x0000000770600000|  0%| F|  |TAMS 0x0000000770400000, 0x0000000770400000| Untracked 
| 387|0x0000000770600000, 0x0000000770600000, 0x0000000770800000|  0%| F|  |TAMS 0x0000000770600000, 0x0000000770600000| Untracked 
| 388|0x0000000770800000, 0x0000000770800000, 0x0000000770a00000|  0%| F|  |TAMS 0x0000000770800000, 0x0000000770800000| Untracked 
| 389|0x0000000770a00000, 0x0000000770a00000, 0x0000000770c00000|  0%| F|  |TAMS 0x0000000770a00000, 0x0000000770a00000| Untracked 
| 390|0x0000000770c00000, 0x0000000770c00000, 0x0000000770e00000|  0%| F|  |TAMS 0x0000000770c00000, 0x0000000770c00000| Untracked 
| 391|0x0000000770e00000, 0x0000000770e00000, 0x0000000771000000|  0%| F|  |TAMS 0x0000000770e00000, 0x0000000770e00000| Untracked 
| 392|0x0000000771000000, 0x0000000771000000, 0x0000000771200000|  0%| F|  |TAMS 0x0000000771000000, 0x0000000771000000| Untracked 
| 393|0x0000000771200000, 0x0000000771200000, 0x0000000771400000|  0%| F|  |TAMS 0x0000000771200000, 0x0000000771200000| Untracked 
| 394|0x0000000771400000, 0x0000000771400000, 0x0000000771600000|  0%| F|  |TAMS 0x0000000771400000, 0x0000000771400000| Untracked 
| 395|0x0000000771600000, 0x0000000771600000, 0x0000000771800000|  0%| F|  |TAMS 0x0000000771600000, 0x0000000771600000| Untracked 
| 396|0x0000000771800000, 0x0000000771800000, 0x0000000771a00000|  0%| F|  |TAMS 0x0000000771800000, 0x0000000771800000| Untracked 
| 397|0x0000000771a00000, 0x0000000771a00000, 0x0000000771c00000|  0%| F|  |TAMS 0x0000000771a00000, 0x0000000771a00000| Untracked 
| 398|0x0000000771c00000, 0x0000000771c00000, 0x0000000771e00000|  0%| F|  |TAMS 0x0000000771c00000, 0x0000000771c00000| Untracked 
| 399|0x0000000771e00000, 0x0000000771e00000, 0x0000000772000000|  0%| F|  |TAMS 0x0000000771e00000, 0x0000000771e00000| Untracked 
| 400|0x0000000772000000, 0x0000000772000000, 0x0000000772200000|  0%| F|  |TAMS 0x0000000772000000, 0x0000000772000000| Untracked 
| 401|0x0000000772200000, 0x0000000772200000, 0x0000000772400000|  0%| F|  |TAMS 0x0000000772200000, 0x0000000772200000| Untracked 
| 402|0x0000000772400000, 0x0000000772400000, 0x0000000772600000|  0%| F|  |TAMS 0x0000000772400000, 0x0000000772400000| Untracked 
| 403|0x0000000772600000, 0x0000000772600000, 0x0000000772800000|  0%| F|  |TAMS 0x0000000772600000, 0x0000000772600000| Untracked 
| 404|0x0000000772800000, 0x0000000772800000, 0x0000000772a00000|  0%| F|  |TAMS 0x0000000772800000, 0x0000000772800000| Untracked 
| 405|0x0000000772a00000, 0x0000000772a00000, 0x0000000772c00000|  0%| F|  |TAMS 0x0000000772a00000, 0x0000000772a00000| Untracked 
| 406|0x0000000772c00000, 0x0000000772c00000, 0x0000000772e00000|  0%| F|  |TAMS 0x0000000772c00000, 0x0000000772c00000| Untracked 
| 407|0x0000000772e00000, 0x0000000772e00000, 0x0000000773000000|  0%| F|  |TAMS 0x0000000772e00000, 0x0000000772e00000| Untracked 
| 408|0x0000000773000000, 0x0000000773000000, 0x0000000773200000|  0%| F|  |TAMS 0x0000000773000000, 0x0000000773000000| Untracked 
| 409|0x0000000773200000, 0x0000000773200000, 0x0000000773400000|  0%| F|  |TAMS 0x0000000773200000, 0x0000000773200000| Untracked 
| 410|0x0000000773400000, 0x0000000773400000, 0x0000000773600000|  0%| F|  |TAMS 0x0000000773400000, 0x0000000773400000| Untracked 
| 411|0x0000000773600000, 0x0000000773600000, 0x0000000773800000|  0%| F|  |TAMS 0x0000000773600000, 0x0000000773600000| Untracked 
| 412|0x0000000773800000, 0x0000000773800000, 0x0000000773a00000|  0%| F|  |TAMS 0x0000000773800000, 0x0000000773800000| Untracked 
| 413|0x0000000773a00000, 0x0000000773a00000, 0x0000000773c00000|  0%| F|  |TAMS 0x0000000773a00000, 0x0000000773a00000| Untracked 
| 414|0x0000000773c00000, 0x0000000773c00000, 0x0000000773e00000|  0%| F|  |TAMS 0x0000000773c00000, 0x0000000773c00000| Untracked 
| 415|0x0000000773e00000, 0x0000000773e00000, 0x0000000774000000|  0%| F|  |TAMS 0x0000000773e00000, 0x0000000773e00000| Untracked 
| 416|0x0000000774000000, 0x0000000774000000, 0x0000000774200000|  0%| F|  |TAMS 0x0000000774000000, 0x0000000774000000| Untracked 
| 417|0x0000000774200000, 0x0000000774200000, 0x0000000774400000|  0%| F|  |TAMS 0x0000000774200000, 0x0000000774200000| Untracked 
| 418|0x0000000774400000, 0x0000000774400000, 0x0000000774600000|  0%| F|  |TAMS 0x0000000774400000, 0x0000000774400000| Untracked 
| 419|0x0000000774600000, 0x0000000774600000, 0x0000000774800000|  0%| F|  |TAMS 0x0000000774600000, 0x0000000774600000| Untracked 
| 420|0x0000000774800000, 0x0000000774800000, 0x0000000774a00000|  0%| F|  |TAMS 0x0000000774800000, 0x0000000774800000| Untracked 
| 421|0x0000000774a00000, 0x0000000774a00000, 0x0000000774c00000|  0%| F|  |TAMS 0x0000000774a00000, 0x0000000774a00000| Untracked 
| 422|0x0000000774c00000, 0x0000000774c00000, 0x0000000774e00000|  0%| F|  |TAMS 0x0000000774c00000, 0x0000000774c00000| Untracked 
| 423|0x0000000774e00000, 0x0000000774e00000, 0x0000000775000000|  0%| F|  |TAMS 0x0000000774e00000, 0x0000000774e00000| Untracked 
| 424|0x0000000775000000, 0x0000000775000000, 0x0000000775200000|  0%| F|  |TAMS 0x0000000775000000, 0x0000000775000000| Untracked 
| 425|0x0000000775200000, 0x0000000775200000, 0x0000000775400000|  0%| F|  |TAMS 0x0000000775200000, 0x0000000775200000| Untracked 
| 426|0x0000000775400000, 0x0000000775400000, 0x0000000775600000|  0%| F|  |TAMS 0x0000000775400000, 0x0000000775400000| Untracked 
| 427|0x0000000775600000, 0x0000000775600000, 0x0000000775800000|  0%| F|  |TAMS 0x0000000775600000, 0x0000000775600000| Untracked 
| 428|0x0000000775800000, 0x0000000775800000, 0x0000000775a00000|  0%| F|  |TAMS 0x0000000775800000, 0x0000000775800000| Untracked 
| 429|0x0000000775a00000, 0x0000000775a00000, 0x0000000775c00000|  0%| F|  |TAMS 0x0000000775a00000, 0x0000000775a00000| Untracked 
| 430|0x0000000775c00000, 0x0000000775c00000, 0x0000000775e00000|  0%| F|  |TAMS 0x0000000775c00000, 0x0000000775c00000| Untracked 
| 431|0x0000000775e00000, 0x0000000775e00000, 0x0000000776000000|  0%| F|  |TAMS 0x0000000775e00000, 0x0000000775e00000| Untracked 
| 432|0x0000000776000000, 0x0000000776000000, 0x0000000776200000|  0%| F|  |TAMS 0x0000000776000000, 0x0000000776000000| Untracked 
| 433|0x0000000776200000, 0x0000000776200000, 0x0000000776400000|  0%| F|  |TAMS 0x0000000776200000, 0x0000000776200000| Untracked 
| 434|0x0000000776400000, 0x0000000776400000, 0x0000000776600000|  0%| F|  |TAMS 0x0000000776400000, 0x0000000776400000| Untracked 
| 435|0x0000000776600000, 0x0000000776600000, 0x0000000776800000|  0%| F|  |TAMS 0x0000000776600000, 0x0000000776600000| Untracked 
| 436|0x0000000776800000, 0x0000000776800000, 0x0000000776a00000|  0%| F|  |TAMS 0x0000000776800000, 0x0000000776800000| Untracked 
| 437|0x0000000776a00000, 0x0000000776a00000, 0x0000000776c00000|  0%| F|  |TAMS 0x0000000776a00000, 0x0000000776a00000| Untracked 
| 438|0x0000000776c00000, 0x0000000776c00000, 0x0000000776e00000|  0%| F|  |TAMS 0x0000000776c00000, 0x0000000776c00000| Untracked 
| 439|0x0000000776e00000, 0x0000000776e00000, 0x0000000777000000|  0%| F|  |TAMS 0x0000000776e00000, 0x0000000776e00000| Untracked 
| 440|0x0000000777000000, 0x0000000777000000, 0x0000000777200000|  0%| F|  |TAMS 0x0000000777000000, 0x0000000777000000| Untracked 
| 441|0x0000000777200000, 0x0000000777200000, 0x0000000777400000|  0%| F|  |TAMS 0x0000000777200000, 0x0000000777200000| Untracked 
| 442|0x0000000777400000, 0x0000000777400000, 0x0000000777600000|  0%| F|  |TAMS 0x0000000777400000, 0x0000000777400000| Untracked 
| 443|0x0000000777600000, 0x0000000777600000, 0x0000000777800000|  0%| F|  |TAMS 0x0000000777600000, 0x0000000777600000| Untracked 
| 444|0x0000000777800000, 0x0000000777800000, 0x0000000777a00000|  0%| F|  |TAMS 0x0000000777800000, 0x0000000777800000| Untracked 
| 445|0x0000000777a00000, 0x0000000777a00000, 0x0000000777c00000|  0%| F|  |TAMS 0x0000000777a00000, 0x0000000777a00000| Untracked 
| 446|0x0000000777c00000, 0x0000000777c00000, 0x0000000777e00000|  0%| F|  |TAMS 0x0000000777c00000, 0x0000000777c00000| Untracked 
| 447|0x0000000777e00000, 0x0000000777e00000, 0x0000000778000000|  0%| F|  |TAMS 0x0000000777e00000, 0x0000000777e00000| Untracked 
| 448|0x0000000778000000, 0x0000000778000000, 0x0000000778200000|  0%| F|  |TAMS 0x0000000778000000, 0x0000000778000000| Untracked 
| 449|0x0000000778200000, 0x0000000778200000, 0x0000000778400000|  0%| F|  |TAMS 0x0000000778200000, 0x0000000778200000| Untracked 
| 450|0x0000000778400000, 0x0000000778400000, 0x0000000778600000|  0%| F|  |TAMS 0x0000000778400000, 0x0000000778400000| Untracked 
| 451|0x0000000778600000, 0x0000000778600000, 0x0000000778800000|  0%| F|  |TAMS 0x0000000778600000, 0x0000000778600000| Untracked 
| 452|0x0000000778800000, 0x0000000778800000, 0x0000000778a00000|  0%| F|  |TAMS 0x0000000778800000, 0x0000000778800000| Untracked 
| 453|0x0000000778a00000, 0x0000000778a00000, 0x0000000778c00000|  0%| F|  |TAMS 0x0000000778a00000, 0x0000000778a00000| Untracked 
| 454|0x0000000778c00000, 0x0000000778c00000, 0x0000000778e00000|  0%| F|  |TAMS 0x0000000778c00000, 0x0000000778c00000| Untracked 
| 455|0x0000000778e00000, 0x0000000778e00000, 0x0000000779000000|  0%| F|  |TAMS 0x0000000778e00000, 0x0000000778e00000| Untracked 
| 456|0x0000000779000000, 0x0000000779000000, 0x0000000779200000|  0%| F|  |TAMS 0x0000000779000000, 0x0000000779000000| Untracked 
| 457|0x0000000779200000, 0x0000000779200000, 0x0000000779400000|  0%| F|  |TAMS 0x0000000779200000, 0x0000000779200000| Untracked 
| 458|0x0000000779400000, 0x0000000779400000, 0x0000000779600000|  0%| F|  |TAMS 0x0000000779400000, 0x0000000779400000| Untracked 
| 459|0x0000000779600000, 0x0000000779600000, 0x0000000779800000|  0%| F|  |TAMS 0x0000000779600000, 0x0000000779600000| Untracked 
| 460|0x0000000779800000, 0x0000000779800000, 0x0000000779a00000|  0%| F|  |TAMS 0x0000000779800000, 0x0000000779800000| Untracked 
| 461|0x0000000779a00000, 0x0000000779a00000, 0x0000000779c00000|  0%| F|  |TAMS 0x0000000779a00000, 0x0000000779a00000| Untracked 
| 462|0x0000000779c00000, 0x0000000779c00000, 0x0000000779e00000|  0%| F|  |TAMS 0x0000000779c00000, 0x0000000779c00000| Untracked 
| 463|0x0000000779e00000, 0x0000000779e00000, 0x000000077a000000|  0%| F|  |TAMS 0x0000000779e00000, 0x0000000779e00000| Untracked 
| 464|0x000000077a000000, 0x000000077a000000, 0x000000077a200000|  0%| F|  |TAMS 0x000000077a000000, 0x000000077a000000| Untracked 
| 465|0x000000077a200000, 0x000000077a200000, 0x000000077a400000|  0%| F|  |TAMS 0x000000077a200000, 0x000000077a200000| Untracked 
| 466|0x000000077a400000, 0x000000077a400000, 0x000000077a600000|  0%| F|  |TAMS 0x000000077a400000, 0x000000077a400000| Untracked 
| 467|0x000000077a600000, 0x000000077a600000, 0x000000077a800000|  0%| F|  |TAMS 0x000000077a600000, 0x000000077a600000| Untracked 
| 468|0x000000077a800000, 0x000000077a800000, 0x000000077aa00000|  0%| F|  |TAMS 0x000000077a800000, 0x000000077a800000| Untracked 
| 469|0x000000077aa00000, 0x000000077aa00000, 0x000000077ac00000|  0%| F|  |TAMS 0x000000077aa00000, 0x000000077aa00000| Untracked 
| 470|0x000000077ac00000, 0x000000077ac00000, 0x000000077ae00000|  0%| F|  |TAMS 0x000000077ac00000, 0x000000077ac00000| Untracked 
| 471|0x000000077ae00000, 0x000000077ae00000, 0x000000077b000000|  0%| F|  |TAMS 0x000000077ae00000, 0x000000077ae00000| Untracked 
| 472|0x000000077b000000, 0x000000077b000000, 0x000000077b200000|  0%| F|  |TAMS 0x000000077b000000, 0x000000077b000000| Untracked 
| 473|0x000000077b200000, 0x000000077b200000, 0x000000077b400000|  0%| F|  |TAMS 0x000000077b200000, 0x000000077b200000| Untracked 
| 474|0x000000077b400000, 0x000000077b400000, 0x000000077b600000|  0%| F|  |TAMS 0x000000077b400000, 0x000000077b400000| Untracked 
| 475|0x000000077b600000, 0x000000077b600000, 0x000000077b800000|  0%| F|  |TAMS 0x000000077b600000, 0x000000077b600000| Untracked 
| 476|0x000000077b800000, 0x000000077b800000, 0x000000077ba00000|  0%| F|  |TAMS 0x000000077b800000, 0x000000077b800000| Untracked 
| 477|0x000000077ba00000, 0x000000077ba00000, 0x000000077bc00000|  0%| F|  |TAMS 0x000000077ba00000, 0x000000077ba00000| Untracked 
| 478|0x000000077bc00000, 0x000000077bc00000, 0x000000077be00000|  0%| F|  |TAMS 0x000000077bc00000, 0x000000077bc00000| Untracked 
| 479|0x000000077be00000, 0x000000077be00000, 0x000000077c000000|  0%| F|  |TAMS 0x000000077be00000, 0x000000077be00000| Untracked 
| 480|0x000000077c000000, 0x000000077c000000, 0x000000077c200000|  0%| F|  |TAMS 0x000000077c000000, 0x000000077c000000| Untracked 
| 481|0x000000077c200000, 0x000000077c200000, 0x000000077c400000|  0%| F|  |TAMS 0x000000077c200000, 0x000000077c200000| Untracked 
| 482|0x000000077c400000, 0x000000077c400000, 0x000000077c600000|  0%| F|  |TAMS 0x000000077c400000, 0x000000077c400000| Untracked 
| 483|0x000000077c600000, 0x000000077c600000, 0x000000077c800000|  0%| F|  |TAMS 0x000000077c600000, 0x000000077c600000| Untracked 
| 484|0x000000077c800000, 0x000000077c800000, 0x000000077ca00000|  0%| F|  |TAMS 0x000000077c800000, 0x000000077c800000| Untracked 
| 485|0x000000077ca00000, 0x000000077ca00000, 0x000000077cc00000|  0%| F|  |TAMS 0x000000077ca00000, 0x000000077ca00000| Untracked 
| 486|0x000000077cc00000, 0x000000077cc00000, 0x000000077ce00000|  0%| F|  |TAMS 0x000000077cc00000, 0x000000077cc00000| Untracked 
| 487|0x000000077ce00000, 0x000000077ce00000, 0x000000077d000000|  0%| F|  |TAMS 0x000000077ce00000, 0x000000077ce00000| Untracked 
| 488|0x000000077d000000, 0x000000077d000000, 0x000000077d200000|  0%| F|  |TAMS 0x000000077d000000, 0x000000077d000000| Untracked 
| 489|0x000000077d200000, 0x000000077d200000, 0x000000077d400000|  0%| F|  |TAMS 0x000000077d200000, 0x000000077d200000| Untracked 
| 490|0x000000077d400000, 0x000000077d400000, 0x000000077d600000|  0%| F|  |TAMS 0x000000077d400000, 0x000000077d400000| Untracked 
| 491|0x000000077d600000, 0x000000077d600000, 0x000000077d800000|  0%| F|  |TAMS 0x000000077d600000, 0x000000077d600000| Untracked 
| 492|0x000000077d800000, 0x000000077d800000, 0x000000077da00000|  0%| F|  |TAMS 0x000000077d800000, 0x000000077d800000| Untracked 
| 493|0x000000077da00000, 0x000000077da00000, 0x000000077dc00000|  0%| F|  |TAMS 0x000000077da00000, 0x000000077da00000| Untracked 
| 494|0x000000077dc00000, 0x000000077dc00000, 0x000000077de00000|  0%| F|  |TAMS 0x000000077dc00000, 0x000000077dc00000| Untracked 
| 495|0x000000077de00000, 0x000000077de00000, 0x000000077e000000|  0%| F|  |TAMS 0x000000077de00000, 0x000000077de00000| Untracked 
| 496|0x000000077e000000, 0x000000077e000000, 0x000000077e200000|  0%| F|  |TAMS 0x000000077e000000, 0x000000077e000000| Untracked 
| 497|0x000000077e200000, 0x000000077e200000, 0x000000077e400000|  0%| F|  |TAMS 0x000000077e200000, 0x000000077e200000| Untracked 
| 498|0x000000077e400000, 0x000000077e400000, 0x000000077e600000|  0%| F|  |TAMS 0x000000077e400000, 0x000000077e400000| Untracked 
| 499|0x000000077e600000, 0x000000077e600000, 0x000000077e800000|  0%| F|  |TAMS 0x000000077e600000, 0x000000077e600000| Untracked 
| 500|0x000000077e800000, 0x000000077e800000, 0x000000077ea00000|  0%| F|  |TAMS 0x000000077e800000, 0x000000077e800000| Untracked 
| 501|0x000000077ea00000, 0x000000077ea00000, 0x000000077ec00000|  0%| F|  |TAMS 0x000000077ea00000, 0x000000077ea00000| Untracked 
| 502|0x000000077ec00000, 0x000000077ec00000, 0x000000077ee00000|  0%| F|  |TAMS 0x000000077ec00000, 0x000000077ec00000| Untracked 
| 503|0x000000077ee00000, 0x000000077ee00000, 0x000000077f000000|  0%| F|  |TAMS 0x000000077ee00000, 0x000000077ee00000| Untracked 
| 504|0x000000077f000000, 0x000000077f000000, 0x000000077f200000|  0%| F|  |TAMS 0x000000077f000000, 0x000000077f000000| Untracked 
| 505|0x000000077f200000, 0x000000077f200000, 0x000000077f400000|  0%| F|  |TAMS 0x000000077f200000, 0x000000077f200000| Untracked 
| 506|0x000000077f400000, 0x000000077f400000, 0x000000077f600000|  0%| F|  |TAMS 0x000000077f400000, 0x000000077f400000| Untracked 
| 507|0x000000077f600000, 0x000000077f600000, 0x000000077f800000|  0%| F|  |TAMS 0x000000077f600000, 0x000000077f600000| Untracked 
| 508|0x000000077f800000, 0x000000077f800000, 0x000000077fa00000|  0%| F|  |TAMS 0x000000077f800000, 0x000000077f800000| Untracked 
| 509|0x000000077fa00000, 0x000000077fa00000, 0x000000077fc00000|  0%| F|  |TAMS 0x000000077fa00000, 0x000000077fa00000| Untracked 
| 510|0x000000077fc00000, 0x000000077fc00000, 0x000000077fe00000|  0%| F|  |TAMS 0x000000077fc00000, 0x000000077fc00000| Untracked 
| 511|0x000000077fe00000, 0x000000077fe00000, 0x0000000780000000|  0%| F|  |TAMS 0x000000077fe00000, 0x000000077fe00000| Untracked 
| 512|0x0000000780000000, 0x0000000780000000, 0x0000000780200000|  0%| F|  |TAMS 0x0000000780000000, 0x0000000780000000| Untracked 
| 513|0x0000000780200000, 0x0000000780200000, 0x0000000780400000|  0%| F|  |TAMS 0x0000000780200000, 0x0000000780200000| Untracked 
| 514|0x0000000780400000, 0x0000000780400000, 0x0000000780600000|  0%| F|  |TAMS 0x0000000780400000, 0x0000000780400000| Untracked 
| 515|0x0000000780600000, 0x0000000780600000, 0x0000000780800000|  0%| F|  |TAMS 0x0000000780600000, 0x0000000780600000| Untracked 
| 516|0x0000000780800000, 0x0000000780800000, 0x0000000780a00000|  0%| F|  |TAMS 0x0000000780800000, 0x0000000780800000| Untracked 
| 517|0x0000000780a00000, 0x0000000780a00000, 0x0000000780c00000|  0%| F|  |TAMS 0x0000000780a00000, 0x0000000780a00000| Untracked 
| 518|0x0000000780c00000, 0x0000000780c00000, 0x0000000780e00000|  0%| F|  |TAMS 0x0000000780c00000, 0x0000000780c00000| Untracked 
| 519|0x0000000780e00000, 0x0000000780e00000, 0x0000000781000000|  0%| F|  |TAMS 0x0000000780e00000, 0x0000000780e00000| Untracked 
| 520|0x0000000781000000, 0x0000000781000000, 0x0000000781200000|  0%| F|  |TAMS 0x0000000781000000, 0x0000000781000000| Untracked 
| 521|0x0000000781200000, 0x0000000781200000, 0x0000000781400000|  0%| F|  |TAMS 0x0000000781200000, 0x0000000781200000| Untracked 
| 522|0x0000000781400000, 0x0000000781400000, 0x0000000781600000|  0%| F|  |TAMS 0x0000000781400000, 0x0000000781400000| Untracked 
| 523|0x0000000781600000, 0x0000000781600000, 0x0000000781800000|  0%| F|  |TAMS 0x0000000781600000, 0x0000000781600000| Untracked 
| 524|0x0000000781800000, 0x0000000781800000, 0x0000000781a00000|  0%| F|  |TAMS 0x0000000781800000, 0x0000000781800000| Untracked 
| 525|0x0000000781a00000, 0x0000000781a00000, 0x0000000781c00000|  0%| F|  |TAMS 0x0000000781a00000, 0x0000000781a00000| Untracked 
| 526|0x0000000781c00000, 0x0000000781c00000, 0x0000000781e00000|  0%| F|  |TAMS 0x0000000781c00000, 0x0000000781c00000| Untracked 
| 527|0x0000000781e00000, 0x0000000781e00000, 0x0000000782000000|  0%| F|  |TAMS 0x0000000781e00000, 0x0000000781e00000| Untracked 
| 528|0x0000000782000000, 0x0000000782000000, 0x0000000782200000|  0%| F|  |TAMS 0x0000000782000000, 0x0000000782000000| Untracked 
| 529|0x0000000782200000, 0x0000000782200000, 0x0000000782400000|  0%| F|  |TAMS 0x0000000782200000, 0x0000000782200000| Untracked 
| 530|0x0000000782400000, 0x0000000782400000, 0x0000000782600000|  0%| F|  |TAMS 0x0000000782400000, 0x0000000782400000| Untracked 
| 531|0x0000000782600000, 0x0000000782600000, 0x0000000782800000|  0%| F|  |TAMS 0x0000000782600000, 0x0000000782600000| Untracked 
| 532|0x0000000782800000, 0x0000000782800000, 0x0000000782a00000|  0%| F|  |TAMS 0x0000000782800000, 0x0000000782800000| Untracked 
| 533|0x0000000782a00000, 0x0000000782a00000, 0x0000000782c00000|  0%| F|  |TAMS 0x0000000782a00000, 0x0000000782a00000| Untracked 
| 534|0x0000000782c00000, 0x0000000782c00000, 0x0000000782e00000|  0%| F|  |TAMS 0x0000000782c00000, 0x0000000782c00000| Untracked 
| 535|0x0000000782e00000, 0x0000000782e00000, 0x0000000783000000|  0%| F|  |TAMS 0x0000000782e00000, 0x0000000782e00000| Untracked 
| 536|0x0000000783000000, 0x0000000783000000, 0x0000000783200000|  0%| F|  |TAMS 0x0000000783000000, 0x0000000783000000| Untracked 
| 537|0x0000000783200000, 0x0000000783200000, 0x0000000783400000|  0%| F|  |TAMS 0x0000000783200000, 0x0000000783200000| Untracked 
| 538|0x0000000783400000, 0x0000000783400000, 0x0000000783600000|  0%| F|  |TAMS 0x0000000783400000, 0x0000000783400000| Untracked 
| 539|0x0000000783600000, 0x0000000783600000, 0x0000000783800000|  0%| F|  |TAMS 0x0000000783600000, 0x0000000783600000| Untracked 
| 540|0x0000000783800000, 0x0000000783800000, 0x0000000783a00000|  0%| F|  |TAMS 0x0000000783800000, 0x0000000783800000| Untracked 
| 541|0x0000000783a00000, 0x0000000783a00000, 0x0000000783c00000|  0%| F|  |TAMS 0x0000000783a00000, 0x0000000783a00000| Untracked 
| 542|0x0000000783c00000, 0x0000000783c00000, 0x0000000783e00000|  0%| F|  |TAMS 0x0000000783c00000, 0x0000000783c00000| Untracked 
| 543|0x0000000783e00000, 0x0000000783e00000, 0x0000000784000000|  0%| F|  |TAMS 0x0000000783e00000, 0x0000000783e00000| Untracked 
| 544|0x0000000784000000, 0x0000000784000000, 0x0000000784200000|  0%| F|  |TAMS 0x0000000784000000, 0x0000000784000000| Untracked 
| 545|0x0000000784200000, 0x0000000784200000, 0x0000000784400000|  0%| F|  |TAMS 0x0000000784200000, 0x0000000784200000| Untracked 
| 546|0x0000000784400000, 0x0000000784400000, 0x0000000784600000|  0%| F|  |TAMS 0x0000000784400000, 0x0000000784400000| Untracked 
| 547|0x0000000784600000, 0x0000000784600000, 0x0000000784800000|  0%| F|  |TAMS 0x0000000784600000, 0x0000000784600000| Untracked 
| 548|0x0000000784800000, 0x0000000784800000, 0x0000000784a00000|  0%| F|  |TAMS 0x0000000784800000, 0x0000000784800000| Untracked 
| 549|0x0000000784a00000, 0x0000000784a00000, 0x0000000784c00000|  0%| F|  |TAMS 0x0000000784a00000, 0x0000000784a00000| Untracked 
| 550|0x0000000784c00000, 0x0000000784c00000, 0x0000000784e00000|  0%| F|  |TAMS 0x0000000784c00000, 0x0000000784c00000| Untracked 
| 551|0x0000000784e00000, 0x0000000784e00000, 0x0000000785000000|  0%| F|  |TAMS 0x0000000784e00000, 0x0000000784e00000| Untracked 
| 552|0x0000000785000000, 0x0000000785000000, 0x0000000785200000|  0%| F|  |TAMS 0x0000000785000000, 0x0000000785000000| Untracked 
| 553|0x0000000785200000, 0x0000000785200000, 0x0000000785400000|  0%| F|  |TAMS 0x0000000785200000, 0x0000000785200000| Untracked 
| 554|0x0000000785400000, 0x0000000785400000, 0x0000000785600000|  0%| F|  |TAMS 0x0000000785400000, 0x0000000785400000| Untracked 
| 555|0x0000000785600000, 0x0000000785600000, 0x0000000785800000|  0%| F|  |TAMS 0x0000000785600000, 0x0000000785600000| Untracked 
| 556|0x0000000785800000, 0x000000078586c730, 0x0000000785a00000| 21%| S|CS|TAMS 0x0000000785800000, 0x0000000785800000| Complete 
| 557|0x0000000785a00000, 0x0000000785c00000, 0x0000000785c00000|100%| S|CS|TAMS 0x0000000785a00000, 0x0000000785a00000| Complete 
| 558|0x0000000785c00000, 0x0000000785e00000, 0x0000000785e00000|100%| S|CS|TAMS 0x0000000785c00000, 0x0000000785c00000| Complete 
| 559|0x0000000785e00000, 0x0000000786000000, 0x0000000786000000|100%| S|CS|TAMS 0x0000000785e00000, 0x0000000785e00000| Complete 
| 560|0x0000000786000000, 0x0000000786200000, 0x0000000786200000|100%| S|CS|TAMS 0x0000000786000000, 0x0000000786000000| Complete 
| 561|0x0000000786200000, 0x0000000786400000, 0x0000000786400000|100%| S|CS|TAMS 0x0000000786200000, 0x0000000786200000| Complete 
| 562|0x0000000786400000, 0x0000000786600000, 0x0000000786600000|100%| S|CS|TAMS 0x0000000786400000, 0x0000000786400000| Complete 
| 563|0x0000000786600000, 0x0000000786800000, 0x0000000786800000|100%| S|CS|TAMS 0x0000000786600000, 0x0000000786600000| Complete 
| 564|0x0000000786800000, 0x0000000786a00000, 0x0000000786a00000|100%| S|CS|TAMS 0x0000000786800000, 0x0000000786800000| Complete 
| 565|0x0000000786a00000, 0x0000000786c00000, 0x0000000786c00000|100%| S|CS|TAMS 0x0000000786a00000, 0x0000000786a00000| Complete 
| 566|0x0000000786c00000, 0x0000000786e00000, 0x0000000786e00000|100%| S|CS|TAMS 0x0000000786c00000, 0x0000000786c00000| Complete 
| 567|0x0000000786e00000, 0x0000000786e00000, 0x0000000787000000|  0%| F|  |TAMS 0x0000000786e00000, 0x0000000786e00000| Untracked 
| 568|0x0000000787000000, 0x0000000787000000, 0x0000000787200000|  0%| F|  |TAMS 0x0000000787000000, 0x0000000787000000| Untracked 
| 569|0x0000000787200000, 0x0000000787200000, 0x0000000787400000|  0%| F|  |TAMS 0x0000000787200000, 0x0000000787200000| Untracked 
| 570|0x0000000787400000, 0x0000000787400000, 0x0000000787600000|  0%| F|  |TAMS 0x0000000787400000, 0x0000000787400000| Untracked 
| 571|0x0000000787600000, 0x0000000787600000, 0x0000000787800000|  0%| F|  |TAMS 0x0000000787600000, 0x0000000787600000| Untracked 
| 572|0x0000000787800000, 0x0000000787800000, 0x0000000787a00000|  0%| F|  |TAMS 0x0000000787800000, 0x0000000787800000| Untracked 
| 573|0x0000000787a00000, 0x0000000787a00000, 0x0000000787c00000|  0%| F|  |TAMS 0x0000000787a00000, 0x0000000787a00000| Untracked 
| 574|0x0000000787c00000, 0x0000000787c00000, 0x0000000787e00000|  0%| F|  |TAMS 0x0000000787c00000, 0x0000000787c00000| Untracked 
| 575|0x0000000787e00000, 0x0000000787e00000, 0x0000000788000000|  0%| F|  |TAMS 0x0000000787e00000, 0x0000000787e00000| Untracked 
| 576|0x0000000788000000, 0x0000000788000000, 0x0000000788200000|  0%| F|  |TAMS 0x0000000788000000, 0x0000000788000000| Untracked 
| 577|0x0000000788200000, 0x0000000788200000, 0x0000000788400000|  0%| F|  |TAMS 0x0000000788200000, 0x0000000788200000| Untracked 
| 578|0x0000000788400000, 0x0000000788400000, 0x0000000788600000|  0%| F|  |TAMS 0x0000000788400000, 0x0000000788400000| Untracked 
| 579|0x0000000788600000, 0x0000000788600000, 0x0000000788800000|  0%| F|  |TAMS 0x0000000788600000, 0x0000000788600000| Untracked 
| 580|0x0000000788800000, 0x0000000788800000, 0x0000000788a00000|  0%| F|  |TAMS 0x0000000788800000, 0x0000000788800000| Untracked 
| 581|0x0000000788a00000, 0x0000000788a00000, 0x0000000788c00000|  0%| F|  |TAMS 0x0000000788a00000, 0x0000000788a00000| Untracked 
| 582|0x0000000788c00000, 0x0000000788c00000, 0x0000000788e00000|  0%| F|  |TAMS 0x0000000788c00000, 0x0000000788c00000| Untracked 
| 583|0x0000000788e00000, 0x0000000788e00000, 0x0000000789000000|  0%| F|  |TAMS 0x0000000788e00000, 0x0000000788e00000| Untracked 
| 584|0x0000000789000000, 0x0000000789000000, 0x0000000789200000|  0%| F|  |TAMS 0x0000000789000000, 0x0000000789000000| Untracked 
| 585|0x0000000789200000, 0x0000000789200000, 0x0000000789400000|  0%| F|  |TAMS 0x0000000789200000, 0x0000000789200000| Untracked 
| 586|0x0000000789400000, 0x0000000789400000, 0x0000000789600000|  0%| F|  |TAMS 0x0000000789400000, 0x0000000789400000| Untracked 
| 587|0x0000000789600000, 0x0000000789600000, 0x0000000789800000|  0%| F|  |TAMS 0x0000000789600000, 0x0000000789600000| Untracked 
| 588|0x0000000789800000, 0x0000000789800000, 0x0000000789a00000|  0%| F|  |TAMS 0x0000000789800000, 0x0000000789800000| Untracked 
| 589|0x0000000789a00000, 0x0000000789a00000, 0x0000000789c00000|  0%| F|  |TAMS 0x0000000789a00000, 0x0000000789a00000| Untracked 
| 590|0x0000000789c00000, 0x0000000789c00000, 0x0000000789e00000|  0%| F|  |TAMS 0x0000000789c00000, 0x0000000789c00000| Untracked 
| 591|0x0000000789e00000, 0x0000000789e00000, 0x000000078a000000|  0%| F|  |TAMS 0x0000000789e00000, 0x0000000789e00000| Untracked 
| 592|0x000000078a000000, 0x000000078a000000, 0x000000078a200000|  0%| F|  |TAMS 0x000000078a000000, 0x000000078a000000| Untracked 
| 593|0x000000078a200000, 0x000000078a200000, 0x000000078a400000|  0%| F|  |TAMS 0x000000078a200000, 0x000000078a200000| Untracked 
| 594|0x000000078a400000, 0x000000078a400000, 0x000000078a600000|  0%| F|  |TAMS 0x000000078a400000, 0x000000078a400000| Untracked 
| 595|0x000000078a600000, 0x000000078a600000, 0x000000078a800000|  0%| F|  |TAMS 0x000000078a600000, 0x000000078a600000| Untracked 
| 596|0x000000078a800000, 0x000000078a800000, 0x000000078aa00000|  0%| F|  |TAMS 0x000000078a800000, 0x000000078a800000| Untracked 
| 597|0x000000078aa00000, 0x000000078aa00000, 0x000000078ac00000|  0%| F|  |TAMS 0x000000078aa00000, 0x000000078aa00000| Untracked 
| 598|0x000000078ac00000, 0x000000078ac00000, 0x000000078ae00000|  0%| F|  |TAMS 0x000000078ac00000, 0x000000078ac00000| Untracked 
| 599|0x000000078ae00000, 0x000000078ae00000, 0x000000078b000000|  0%| F|  |TAMS 0x000000078ae00000, 0x000000078ae00000| Untracked 
| 600|0x000000078b000000, 0x000000078b000000, 0x000000078b200000|  0%| F|  |TAMS 0x000000078b000000, 0x000000078b000000| Untracked 
| 601|0x000000078b200000, 0x000000078b200000, 0x000000078b400000|  0%| F|  |TAMS 0x000000078b200000, 0x000000078b200000| Untracked 
| 602|0x000000078b400000, 0x000000078b400000, 0x000000078b600000|  0%| F|  |TAMS 0x000000078b400000, 0x000000078b400000| Untracked 
| 603|0x000000078b600000, 0x000000078b600000, 0x000000078b800000|  0%| F|  |TAMS 0x000000078b600000, 0x000000078b600000| Untracked 
| 604|0x000000078b800000, 0x000000078b800000, 0x000000078ba00000|  0%| F|  |TAMS 0x000000078b800000, 0x000000078b800000| Untracked 
| 605|0x000000078ba00000, 0x000000078ba00000, 0x000000078bc00000|  0%| F|  |TAMS 0x000000078ba00000, 0x000000078ba00000| Untracked 
| 606|0x000000078bc00000, 0x000000078bc00000, 0x000000078be00000|  0%| F|  |TAMS 0x000000078bc00000, 0x000000078bc00000| Untracked 
| 607|0x000000078be00000, 0x000000078be00000, 0x000000078c000000|  0%| F|  |TAMS 0x000000078be00000, 0x000000078be00000| Untracked 
| 608|0x000000078c000000, 0x000000078c000000, 0x000000078c200000|  0%| F|  |TAMS 0x000000078c000000, 0x000000078c000000| Untracked 
| 609|0x000000078c200000, 0x000000078c200000, 0x000000078c400000|  0%| F|  |TAMS 0x000000078c200000, 0x000000078c200000| Untracked 
| 610|0x000000078c400000, 0x000000078c400000, 0x000000078c600000|  0%| F|  |TAMS 0x000000078c400000, 0x000000078c400000| Untracked 
| 611|0x000000078c600000, 0x000000078c600000, 0x000000078c800000|  0%| F|  |TAMS 0x000000078c600000, 0x000000078c600000| Untracked 
| 612|0x000000078c800000, 0x000000078c800000, 0x000000078ca00000|  0%| F|  |TAMS 0x000000078c800000, 0x000000078c800000| Untracked 
| 613|0x000000078ca00000, 0x000000078ca00000, 0x000000078cc00000|  0%| F|  |TAMS 0x000000078ca00000, 0x000000078ca00000| Untracked 
| 614|0x000000078cc00000, 0x000000078cc00000, 0x000000078ce00000|  0%| F|  |TAMS 0x000000078cc00000, 0x000000078cc00000| Untracked 
| 615|0x000000078ce00000, 0x000000078ce00000, 0x000000078d000000|  0%| F|  |TAMS 0x000000078ce00000, 0x000000078ce00000| Untracked 
| 616|0x000000078d000000, 0x000000078d000000, 0x000000078d200000|  0%| F|  |TAMS 0x000000078d000000, 0x000000078d000000| Untracked 
| 617|0x000000078d200000, 0x000000078d200000, 0x000000078d400000|  0%| F|  |TAMS 0x000000078d200000, 0x000000078d200000| Untracked 
| 618|0x000000078d400000, 0x000000078d400000, 0x000000078d600000|  0%| F|  |TAMS 0x000000078d400000, 0x000000078d400000| Untracked 
| 619|0x000000078d600000, 0x000000078d600000, 0x000000078d800000|  0%| F|  |TAMS 0x000000078d600000, 0x000000078d600000| Untracked 
| 620|0x000000078d800000, 0x000000078d800000, 0x000000078da00000|  0%| F|  |TAMS 0x000000078d800000, 0x000000078d800000| Untracked 
| 621|0x000000078da00000, 0x000000078da00000, 0x000000078dc00000|  0%| F|  |TAMS 0x000000078da00000, 0x000000078da00000| Untracked 
| 622|0x000000078dc00000, 0x000000078dc00000, 0x000000078de00000|  0%| F|  |TAMS 0x000000078dc00000, 0x000000078dc00000| Untracked 
| 623|0x000000078de00000, 0x000000078de00000, 0x000000078e000000|  0%| F|  |TAMS 0x000000078de00000, 0x000000078de00000| Untracked 
| 624|0x000000078e000000, 0x000000078e000000, 0x000000078e200000|  0%| F|  |TAMS 0x000000078e000000, 0x000000078e000000| Untracked 
| 625|0x000000078e200000, 0x000000078e200000, 0x000000078e400000|  0%| F|  |TAMS 0x000000078e200000, 0x000000078e200000| Untracked 
| 626|0x000000078e400000, 0x000000078e400000, 0x000000078e600000|  0%| F|  |TAMS 0x000000078e400000, 0x000000078e400000| Untracked 
| 627|0x000000078e600000, 0x000000078e600000, 0x000000078e800000|  0%| F|  |TAMS 0x000000078e600000, 0x000000078e600000| Untracked 
| 628|0x000000078e800000, 0x000000078e800000, 0x000000078ea00000|  0%| F|  |TAMS 0x000000078e800000, 0x000000078e800000| Untracked 
| 629|0x000000078ea00000, 0x000000078ea00000, 0x000000078ec00000|  0%| F|  |TAMS 0x000000078ea00000, 0x000000078ea00000| Untracked 
| 630|0x000000078ec00000, 0x000000078ec00000, 0x000000078ee00000|  0%| F|  |TAMS 0x000000078ec00000, 0x000000078ec00000| Untracked 
| 631|0x000000078ee00000, 0x000000078ee00000, 0x000000078f000000|  0%| F|  |TAMS 0x000000078ee00000, 0x000000078ee00000| Untracked 
| 632|0x000000078f000000, 0x000000078f000000, 0x000000078f200000|  0%| F|  |TAMS 0x000000078f000000, 0x000000078f000000| Untracked 
| 633|0x000000078f200000, 0x000000078f200000, 0x000000078f400000|  0%| F|  |TAMS 0x000000078f200000, 0x000000078f200000| Untracked 
| 634|0x000000078f400000, 0x000000078f400000, 0x000000078f600000|  0%| F|  |TAMS 0x000000078f400000, 0x000000078f400000| Untracked 
| 635|0x000000078f600000, 0x000000078f600000, 0x000000078f800000|  0%| F|  |TAMS 0x000000078f600000, 0x000000078f600000| Untracked 
| 636|0x000000078f800000, 0x000000078f800000, 0x000000078fa00000|  0%| F|  |TAMS 0x000000078f800000, 0x000000078f800000| Untracked 
| 637|0x000000078fa00000, 0x000000078fa00000, 0x000000078fc00000|  0%| F|  |TAMS 0x000000078fa00000, 0x000000078fa00000| Untracked 
| 638|0x000000078fc00000, 0x000000078fc00000, 0x000000078fe00000|  0%| F|  |TAMS 0x000000078fc00000, 0x000000078fc00000| Untracked 
| 639|0x000000078fe00000, 0x000000078fe00000, 0x0000000790000000|  0%| F|  |TAMS 0x000000078fe00000, 0x000000078fe00000| Untracked 
| 640|0x0000000790000000, 0x0000000790000000, 0x0000000790200000|  0%| F|  |TAMS 0x0000000790000000, 0x0000000790000000| Untracked 
| 641|0x0000000790200000, 0x0000000790200000, 0x0000000790400000|  0%| F|  |TAMS 0x0000000790200000, 0x0000000790200000| Untracked 
| 642|0x0000000790400000, 0x0000000790400000, 0x0000000790600000|  0%| F|  |TAMS 0x0000000790400000, 0x0000000790400000| Untracked 
| 643|0x0000000790600000, 0x0000000790600000, 0x0000000790800000|  0%| F|  |TAMS 0x0000000790600000, 0x0000000790600000| Untracked 
| 644|0x0000000790800000, 0x0000000790800000, 0x0000000790a00000|  0%| F|  |TAMS 0x0000000790800000, 0x0000000790800000| Untracked 
| 645|0x0000000790a00000, 0x0000000790a00000, 0x0000000790c00000|  0%| F|  |TAMS 0x0000000790a00000, 0x0000000790a00000| Untracked 
| 646|0x0000000790c00000, 0x0000000790c00000, 0x0000000790e00000|  0%| F|  |TAMS 0x0000000790c00000, 0x0000000790c00000| Untracked 
| 647|0x0000000790e00000, 0x0000000790e00000, 0x0000000791000000|  0%| F|  |TAMS 0x0000000790e00000, 0x0000000790e00000| Untracked 
| 648|0x0000000791000000, 0x0000000791000000, 0x0000000791200000|  0%| F|  |TAMS 0x0000000791000000, 0x0000000791000000| Untracked 
| 649|0x0000000791200000, 0x0000000791200000, 0x0000000791400000|  0%| F|  |TAMS 0x0000000791200000, 0x0000000791200000| Untracked 
| 650|0x0000000791400000, 0x0000000791400000, 0x0000000791600000|  0%| F|  |TAMS 0x0000000791400000, 0x0000000791400000| Untracked 
| 651|0x0000000791600000, 0x0000000791600000, 0x0000000791800000|  0%| F|  |TAMS 0x0000000791600000, 0x0000000791600000| Untracked 
| 652|0x0000000791800000, 0x0000000791800000, 0x0000000791a00000|  0%| F|  |TAMS 0x0000000791800000, 0x0000000791800000| Untracked 
| 653|0x0000000791a00000, 0x0000000791a00000, 0x0000000791c00000|  0%| F|  |TAMS 0x0000000791a00000, 0x0000000791a00000| Untracked 
| 654|0x0000000791c00000, 0x0000000791c00000, 0x0000000791e00000|  0%| F|  |TAMS 0x0000000791c00000, 0x0000000791c00000| Untracked 
| 655|0x0000000791e00000, 0x0000000791e00000, 0x0000000792000000|  0%| F|  |TAMS 0x0000000791e00000, 0x0000000791e00000| Untracked 
| 656|0x0000000792000000, 0x0000000792000000, 0x0000000792200000|  0%| F|  |TAMS 0x0000000792000000, 0x0000000792000000| Untracked 
| 657|0x0000000792200000, 0x0000000792200000, 0x0000000792400000|  0%| F|  |TAMS 0x0000000792200000, 0x0000000792200000| Untracked 
| 658|0x0000000792400000, 0x0000000792400000, 0x0000000792600000|  0%| F|  |TAMS 0x0000000792400000, 0x0000000792400000| Untracked 
| 659|0x0000000792600000, 0x0000000792600000, 0x0000000792800000|  0%| F|  |TAMS 0x0000000792600000, 0x0000000792600000| Untracked 
| 660|0x0000000792800000, 0x0000000792800000, 0x0000000792a00000|  0%| F|  |TAMS 0x0000000792800000, 0x0000000792800000| Untracked 
| 661|0x0000000792a00000, 0x0000000792a00000, 0x0000000792c00000|  0%| F|  |TAMS 0x0000000792a00000, 0x0000000792a00000| Untracked 
| 662|0x0000000792c00000, 0x0000000792c00000, 0x0000000792e00000|  0%| F|  |TAMS 0x0000000792c00000, 0x0000000792c00000| Untracked 
| 663|0x0000000792e00000, 0x0000000792e00000, 0x0000000793000000|  0%| F|  |TAMS 0x0000000792e00000, 0x0000000792e00000| Untracked 
| 664|0x0000000793000000, 0x0000000793000000, 0x0000000793200000|  0%| F|  |TAMS 0x0000000793000000, 0x0000000793000000| Untracked 
| 665|0x0000000793200000, 0x0000000793200000, 0x0000000793400000|  0%| F|  |TAMS 0x0000000793200000, 0x0000000793200000| Untracked 
| 666|0x0000000793400000, 0x0000000793400000, 0x0000000793600000|  0%| F|  |TAMS 0x0000000793400000, 0x0000000793400000| Untracked 
| 667|0x0000000793600000, 0x0000000793600000, 0x0000000793800000|  0%| F|  |TAMS 0x0000000793600000, 0x0000000793600000| Untracked 
| 668|0x0000000793800000, 0x0000000793800000, 0x0000000793a00000|  0%| F|  |TAMS 0x0000000793800000, 0x0000000793800000| Untracked 
| 669|0x0000000793a00000, 0x0000000793a00000, 0x0000000793c00000|  0%| F|  |TAMS 0x0000000793a00000, 0x0000000793a00000| Untracked 
| 670|0x0000000793c00000, 0x0000000793c00000, 0x0000000793e00000|  0%| F|  |TAMS 0x0000000793c00000, 0x0000000793c00000| Untracked 
| 671|0x0000000793e00000, 0x0000000793e00000, 0x0000000794000000|  0%| F|  |TAMS 0x0000000793e00000, 0x0000000793e00000| Untracked 
| 672|0x0000000794000000, 0x0000000794000000, 0x0000000794200000|  0%| F|  |TAMS 0x0000000794000000, 0x0000000794000000| Untracked 
| 673|0x0000000794200000, 0x0000000794200000, 0x0000000794400000|  0%| F|  |TAMS 0x0000000794200000, 0x0000000794200000| Untracked 
| 674|0x0000000794400000, 0x0000000794400000, 0x0000000794600000|  0%| F|  |TAMS 0x0000000794400000, 0x0000000794400000| Untracked 
| 675|0x0000000794600000, 0x0000000794600000, 0x0000000794800000|  0%| F|  |TAMS 0x0000000794600000, 0x0000000794600000| Untracked 
| 676|0x0000000794800000, 0x0000000794800000, 0x0000000794a00000|  0%| F|  |TAMS 0x0000000794800000, 0x0000000794800000| Untracked 
| 677|0x0000000794a00000, 0x0000000794a00000, 0x0000000794c00000|  0%| F|  |TAMS 0x0000000794a00000, 0x0000000794a00000| Untracked 
| 678|0x0000000794c00000, 0x0000000794c00000, 0x0000000794e00000|  0%| F|  |TAMS 0x0000000794c00000, 0x0000000794c00000| Untracked 
| 679|0x0000000794e00000, 0x0000000794e00000, 0x0000000795000000|  0%| F|  |TAMS 0x0000000794e00000, 0x0000000794e00000| Untracked 
| 680|0x0000000795000000, 0x0000000795000000, 0x0000000795200000|  0%| F|  |TAMS 0x0000000795000000, 0x0000000795000000| Untracked 
| 681|0x0000000795200000, 0x0000000795200000, 0x0000000795400000|  0%| F|  |TAMS 0x0000000795200000, 0x0000000795200000| Untracked 
| 682|0x0000000795400000, 0x0000000795400000, 0x0000000795600000|  0%| F|  |TAMS 0x0000000795400000, 0x0000000795400000| Untracked 
| 683|0x0000000795600000, 0x0000000795600000, 0x0000000795800000|  0%| F|  |TAMS 0x0000000795600000, 0x0000000795600000| Untracked 
| 684|0x0000000795800000, 0x0000000795800000, 0x0000000795a00000|  0%| F|  |TAMS 0x0000000795800000, 0x0000000795800000| Untracked 
| 685|0x0000000795a00000, 0x0000000795a00000, 0x0000000795c00000|  0%| F|  |TAMS 0x0000000795a00000, 0x0000000795a00000| Untracked 
| 686|0x0000000795c00000, 0x0000000795c00000, 0x0000000795e00000|  0%| F|  |TAMS 0x0000000795c00000, 0x0000000795c00000| Untracked 
| 687|0x0000000795e00000, 0x0000000795e00000, 0x0000000796000000|  0%| F|  |TAMS 0x0000000795e00000, 0x0000000795e00000| Untracked 
| 688|0x0000000796000000, 0x0000000796000000, 0x0000000796200000|  0%| F|  |TAMS 0x0000000796000000, 0x0000000796000000| Untracked 
| 689|0x0000000796200000, 0x0000000796200000, 0x0000000796400000|  0%| F|  |TAMS 0x0000000796200000, 0x0000000796200000| Untracked 
| 690|0x0000000796400000, 0x0000000796400000, 0x0000000796600000|  0%| F|  |TAMS 0x0000000796400000, 0x0000000796400000| Untracked 
| 691|0x0000000796600000, 0x0000000796600000, 0x0000000796800000|  0%| F|  |TAMS 0x0000000796600000, 0x0000000796600000| Untracked 
| 692|0x0000000796800000, 0x0000000796800000, 0x0000000796a00000|  0%| F|  |TAMS 0x0000000796800000, 0x0000000796800000| Untracked 
| 693|0x0000000796a00000, 0x0000000796a00000, 0x0000000796c00000|  0%| F|  |TAMS 0x0000000796a00000, 0x0000000796a00000| Untracked 
| 694|0x0000000796c00000, 0x0000000796c00000, 0x0000000796e00000|  0%| F|  |TAMS 0x0000000796c00000, 0x0000000796c00000| Untracked 
| 695|0x0000000796e00000, 0x0000000796e00000, 0x0000000797000000|  0%| F|  |TAMS 0x0000000796e00000, 0x0000000796e00000| Untracked 
| 696|0x0000000797000000, 0x0000000797000000, 0x0000000797200000|  0%| F|  |TAMS 0x0000000797000000, 0x0000000797000000| Untracked 
| 697|0x0000000797200000, 0x0000000797200000, 0x0000000797400000|  0%| F|  |TAMS 0x0000000797200000, 0x0000000797200000| Untracked 
| 698|0x0000000797400000, 0x0000000797400000, 0x0000000797600000|  0%| F|  |TAMS 0x0000000797400000, 0x0000000797400000| Untracked 
| 699|0x0000000797600000, 0x0000000797600000, 0x0000000797800000|  0%| F|  |TAMS 0x0000000797600000, 0x0000000797600000| Untracked 
| 700|0x0000000797800000, 0x0000000797800000, 0x0000000797a00000|  0%| F|  |TAMS 0x0000000797800000, 0x0000000797800000| Untracked 
| 701|0x0000000797a00000, 0x0000000797a00000, 0x0000000797c00000|  0%| F|  |TAMS 0x0000000797a00000, 0x0000000797a00000| Untracked 
| 702|0x0000000797c00000, 0x0000000797c00000, 0x0000000797e00000|  0%| F|  |TAMS 0x0000000797c00000, 0x0000000797c00000| Untracked 
| 703|0x0000000797e00000, 0x0000000797e00000, 0x0000000798000000|  0%| F|  |TAMS 0x0000000797e00000, 0x0000000797e00000| Untracked 
| 704|0x0000000798000000, 0x0000000798000000, 0x0000000798200000|  0%| F|  |TAMS 0x0000000798000000, 0x0000000798000000| Untracked 
| 705|0x0000000798200000, 0x0000000798200000, 0x0000000798400000|  0%| F|  |TAMS 0x0000000798200000, 0x0000000798200000| Untracked 
| 706|0x0000000798400000, 0x0000000798400000, 0x0000000798600000|  0%| F|  |TAMS 0x0000000798400000, 0x0000000798400000| Untracked 
| 707|0x0000000798600000, 0x0000000798600000, 0x0000000798800000|  0%| F|  |TAMS 0x0000000798600000, 0x0000000798600000| Untracked 
| 708|0x0000000798800000, 0x0000000798800000, 0x0000000798a00000|  0%| F|  |TAMS 0x0000000798800000, 0x0000000798800000| Untracked 
| 709|0x0000000798a00000, 0x0000000798a00000, 0x0000000798c00000|  0%| F|  |TAMS 0x0000000798a00000, 0x0000000798a00000| Untracked 
| 710|0x0000000798c00000, 0x0000000798c00000, 0x0000000798e00000|  0%| F|  |TAMS 0x0000000798c00000, 0x0000000798c00000| Untracked 
| 711|0x0000000798e00000, 0x0000000798e00000, 0x0000000799000000|  0%| F|  |TAMS 0x0000000798e00000, 0x0000000798e00000| Untracked 
| 712|0x0000000799000000, 0x0000000799000000, 0x0000000799200000|  0%| F|  |TAMS 0x0000000799000000, 0x0000000799000000| Untracked 
| 713|0x0000000799200000, 0x0000000799200000, 0x0000000799400000|  0%| F|  |TAMS 0x0000000799200000, 0x0000000799200000| Untracked 
| 714|0x0000000799400000, 0x0000000799400000, 0x0000000799600000|  0%| F|  |TAMS 0x0000000799400000, 0x0000000799400000| Untracked 
| 715|0x0000000799600000, 0x0000000799600000, 0x0000000799800000|  0%| F|  |TAMS 0x0000000799600000, 0x0000000799600000| Untracked 
| 716|0x0000000799800000, 0x0000000799800000, 0x0000000799a00000|  0%| F|  |TAMS 0x0000000799800000, 0x0000000799800000| Untracked 
| 717|0x0000000799a00000, 0x0000000799a00000, 0x0000000799c00000|  0%| F|  |TAMS 0x0000000799a00000, 0x0000000799a00000| Untracked 
| 718|0x0000000799c00000, 0x0000000799c00000, 0x0000000799e00000|  0%| F|  |TAMS 0x0000000799c00000, 0x0000000799c00000| Untracked 
| 719|0x0000000799e00000, 0x0000000799e00000, 0x000000079a000000|  0%| F|  |TAMS 0x0000000799e00000, 0x0000000799e00000| Untracked 
| 720|0x000000079a000000, 0x000000079a000000, 0x000000079a200000|  0%| F|  |TAMS 0x000000079a000000, 0x000000079a000000| Untracked 
| 721|0x000000079a200000, 0x000000079a200000, 0x000000079a400000|  0%| F|  |TAMS 0x000000079a200000, 0x000000079a200000| Untracked 
| 722|0x000000079a400000, 0x000000079a400000, 0x000000079a600000|  0%| F|  |TAMS 0x000000079a400000, 0x000000079a400000| Untracked 
| 723|0x000000079a600000, 0x000000079a600000, 0x000000079a800000|  0%| F|  |TAMS 0x000000079a600000, 0x000000079a600000| Untracked 
| 724|0x000000079a800000, 0x000000079a800000, 0x000000079aa00000|  0%| F|  |TAMS 0x000000079a800000, 0x000000079a800000| Untracked 
| 725|0x000000079aa00000, 0x000000079aa00000, 0x000000079ac00000|  0%| F|  |TAMS 0x000000079aa00000, 0x000000079aa00000| Untracked 
| 726|0x000000079ac00000, 0x000000079ac00000, 0x000000079ae00000|  0%| F|  |TAMS 0x000000079ac00000, 0x000000079ac00000| Untracked 
| 727|0x000000079ae00000, 0x000000079ae00000, 0x000000079b000000|  0%| F|  |TAMS 0x000000079ae00000, 0x000000079ae00000| Untracked 
| 728|0x000000079b000000, 0x000000079b000000, 0x000000079b200000|  0%| F|  |TAMS 0x000000079b000000, 0x000000079b000000| Untracked 
| 729|0x000000079b200000, 0x000000079b200000, 0x000000079b400000|  0%| F|  |TAMS 0x000000079b200000, 0x000000079b200000| Untracked 
| 730|0x000000079b400000, 0x000000079b400000, 0x000000079b600000|  0%| F|  |TAMS 0x000000079b400000, 0x000000079b400000| Untracked 
| 731|0x000000079b600000, 0x000000079b600000, 0x000000079b800000|  0%| F|  |TAMS 0x000000079b600000, 0x000000079b600000| Untracked 
| 732|0x000000079b800000, 0x000000079b800000, 0x000000079ba00000|  0%| F|  |TAMS 0x000000079b800000, 0x000000079b800000| Untracked 
| 733|0x000000079ba00000, 0x000000079ba00000, 0x000000079bc00000|  0%| F|  |TAMS 0x000000079ba00000, 0x000000079ba00000| Untracked 
| 734|0x000000079bc00000, 0x000000079bc00000, 0x000000079be00000|  0%| F|  |TAMS 0x000000079bc00000, 0x000000079bc00000| Untracked 
| 735|0x000000079be00000, 0x000000079be00000, 0x000000079c000000|  0%| F|  |TAMS 0x000000079be00000, 0x000000079be00000| Untracked 
| 736|0x000000079c000000, 0x000000079c000000, 0x000000079c200000|  0%| F|  |TAMS 0x000000079c000000, 0x000000079c000000| Untracked 
| 737|0x000000079c200000, 0x000000079c200000, 0x000000079c400000|  0%| F|  |TAMS 0x000000079c200000, 0x000000079c200000| Untracked 
| 738|0x000000079c400000, 0x000000079c400000, 0x000000079c600000|  0%| F|  |TAMS 0x000000079c400000, 0x000000079c400000| Untracked 
| 739|0x000000079c600000, 0x000000079c600000, 0x000000079c800000|  0%| F|  |TAMS 0x000000079c600000, 0x000000079c600000| Untracked 
| 740|0x000000079c800000, 0x000000079c800000, 0x000000079ca00000|  0%| F|  |TAMS 0x000000079c800000, 0x000000079c800000| Untracked 
| 741|0x000000079ca00000, 0x000000079ca00000, 0x000000079cc00000|  0%| F|  |TAMS 0x000000079ca00000, 0x000000079ca00000| Untracked 
| 742|0x000000079cc00000, 0x000000079cc00000, 0x000000079ce00000|  0%| F|  |TAMS 0x000000079cc00000, 0x000000079cc00000| Untracked 
| 743|0x000000079ce00000, 0x000000079ce00000, 0x000000079d000000|  0%| F|  |TAMS 0x000000079ce00000, 0x000000079ce00000| Untracked 
| 744|0x000000079d000000, 0x000000079d000000, 0x000000079d200000|  0%| F|  |TAMS 0x000000079d000000, 0x000000079d000000| Untracked 
| 745|0x000000079d200000, 0x000000079d200000, 0x000000079d400000|  0%| F|  |TAMS 0x000000079d200000, 0x000000079d200000| Untracked 
| 746|0x000000079d400000, 0x000000079d400000, 0x000000079d600000|  0%| F|  |TAMS 0x000000079d400000, 0x000000079d400000| Untracked 
| 747|0x000000079d600000, 0x000000079d600000, 0x000000079d800000|  0%| F|  |TAMS 0x000000079d600000, 0x000000079d600000| Untracked 
| 748|0x000000079d800000, 0x000000079d800000, 0x000000079da00000|  0%| F|  |TAMS 0x000000079d800000, 0x000000079d800000| Untracked 
| 749|0x000000079da00000, 0x000000079da00000, 0x000000079dc00000|  0%| F|  |TAMS 0x000000079da00000, 0x000000079da00000| Untracked 
| 750|0x000000079dc00000, 0x000000079dc00000, 0x000000079de00000|  0%| F|  |TAMS 0x000000079dc00000, 0x000000079dc00000| Untracked 
| 751|0x000000079de00000, 0x000000079de00000, 0x000000079e000000|  0%| F|  |TAMS 0x000000079de00000, 0x000000079de00000| Untracked 
| 752|0x000000079e000000, 0x000000079e000000, 0x000000079e200000|  0%| F|  |TAMS 0x000000079e000000, 0x000000079e000000| Untracked 
| 753|0x000000079e200000, 0x000000079e200000, 0x000000079e400000|  0%| F|  |TAMS 0x000000079e200000, 0x000000079e200000| Untracked 
| 754|0x000000079e400000, 0x000000079e400000, 0x000000079e600000|  0%| F|  |TAMS 0x000000079e400000, 0x000000079e400000| Untracked 
| 755|0x000000079e600000, 0x000000079e600000, 0x000000079e800000|  0%| F|  |TAMS 0x000000079e600000, 0x000000079e600000| Untracked 
| 756|0x000000079e800000, 0x000000079e800000, 0x000000079ea00000|  0%| F|  |TAMS 0x000000079e800000, 0x000000079e800000| Untracked 
| 757|0x000000079ea00000, 0x000000079ea00000, 0x000000079ec00000|  0%| F|  |TAMS 0x000000079ea00000, 0x000000079ea00000| Untracked 
| 758|0x000000079ec00000, 0x000000079ec00000, 0x000000079ee00000|  0%| F|  |TAMS 0x000000079ec00000, 0x000000079ec00000| Untracked 
| 759|0x000000079ee00000, 0x000000079ee00000, 0x000000079f000000|  0%| F|  |TAMS 0x000000079ee00000, 0x000000079ee00000| Untracked 
| 760|0x000000079f000000, 0x000000079f000000, 0x000000079f200000|  0%| F|  |TAMS 0x000000079f000000, 0x000000079f000000| Untracked 
| 761|0x000000079f200000, 0x000000079f200000, 0x000000079f400000|  0%| F|  |TAMS 0x000000079f200000, 0x000000079f200000| Untracked 
| 762|0x000000079f400000, 0x000000079f400000, 0x000000079f600000|  0%| F|  |TAMS 0x000000079f400000, 0x000000079f400000| Untracked 
| 763|0x000000079f600000, 0x000000079f600000, 0x000000079f800000|  0%| F|  |TAMS 0x000000079f600000, 0x000000079f600000| Untracked 
| 764|0x000000079f800000, 0x000000079f800000, 0x000000079fa00000|  0%| F|  |TAMS 0x000000079f800000, 0x000000079f800000| Untracked 
| 765|0x000000079fa00000, 0x000000079fa00000, 0x000000079fc00000|  0%| F|  |TAMS 0x000000079fa00000, 0x000000079fa00000| Untracked 
| 766|0x000000079fc00000, 0x000000079fc00000, 0x000000079fe00000|  0%| F|  |TAMS 0x000000079fc00000, 0x000000079fc00000| Untracked 
| 767|0x000000079fe00000, 0x000000079fe00000, 0x00000007a0000000|  0%| F|  |TAMS 0x000000079fe00000, 0x000000079fe00000| Untracked 
| 768|0x00000007a0000000, 0x00000007a0000000, 0x00000007a0200000|  0%| F|  |TAMS 0x00000007a0000000, 0x00000007a0000000| Untracked 
| 769|0x00000007a0200000, 0x00000007a0200000, 0x00000007a0400000|  0%| F|  |TAMS 0x00000007a0200000, 0x00000007a0200000| Untracked 
| 770|0x00000007a0400000, 0x00000007a0400000, 0x00000007a0600000|  0%| F|  |TAMS 0x00000007a0400000, 0x00000007a0400000| Untracked 
| 771|0x00000007a0600000, 0x00000007a0600000, 0x00000007a0800000|  0%| F|  |TAMS 0x00000007a0600000, 0x00000007a0600000| Untracked 
| 772|0x00000007a0800000, 0x00000007a0800000, 0x00000007a0a00000|  0%| F|  |TAMS 0x00000007a0800000, 0x00000007a0800000| Untracked 
| 773|0x00000007a0a00000, 0x00000007a0a00000, 0x00000007a0c00000|  0%| F|  |TAMS 0x00000007a0a00000, 0x00000007a0a00000| Untracked 
| 774|0x00000007a0c00000, 0x00000007a0c00000, 0x00000007a0e00000|  0%| F|  |TAMS 0x00000007a0c00000, 0x00000007a0c00000| Untracked 
| 775|0x00000007a0e00000, 0x00000007a0f0a748, 0x00000007a1000000| 52%| E|  |TAMS 0x00000007a0e00000, 0x00000007a0e00000| Complete 
| 776|0x00000007a1000000, 0x00000007a1200000, 0x00000007a1200000|100%| E|CS|TAMS 0x00000007a1000000, 0x00000007a1000000| Complete 
| 777|0x00000007a1200000, 0x00000007a1400000, 0x00000007a1400000|100%| E|CS|TAMS 0x00000007a1200000, 0x00000007a1200000| Complete 

Card table byte_map: [0x0000020f75470000,0x0000020f75a70000] _byte_map_base: 0x0000020f71a70000

Marking Bits (Prev, Next): (CMBitMap*) 0x0000020f6c3202c0, (CMBitMap*) 0x0000020f6c320300
 Prev Bits: [0x0000020f76070000, 0x0000020f79070000)
 Next Bits: [0x0000020f79070000, 0x0000020f7c070000)

Polling page: 0x0000020f69ed0000

Metaspace:

Usage:
  Non-class:     73.55 MB used.
      Class:     11.29 MB used.
       Both:     84.84 MB used.

Virtual space:
  Non-class space:       80.00 MB reserved,      74.00 MB ( 92%) committed,  10 nodes.
      Class space:        1.00 GB reserved,      11.62 MB (  1%) committed,  1 nodes.
             Both:        1.08 GB reserved,      85.62 MB (  8%) committed. 

Chunk freelists:
   Non-Class:  1.42 MB
       Class:  384.00 KB
        Both:  1.80 MB

MaxMetaspaceSize: unlimited
CompressedClassSpaceSize: 1.00 GB
Initial GC threshold: 21.00 MB
Current GC threshold: 113.44 MB
CDS: on
MetaspaceReclaimPolicy: balanced
 - commit_granule_bytes: 65536.
 - commit_granule_words: 8192.
 - virtual_space_node_default_size: 1048576.
 - enlarge_chunks_in_place: 1.
 - new_chunks_are_fully_committed: 0.
 - uncommit_free_chunks: 1.
 - use_allocation_guard: 0.
 - handle_deallocations: 1.


Internal statistics:

num_allocs_failed_limit: 6.
num_arena_births: 870.
num_arena_deaths: 4.
num_vsnodes_births: 11.
num_vsnodes_deaths: 0.
num_space_committed: 1370.
num_space_uncommitted: 0.
num_chunks_returned_to_freelist: 12.
num_chunks_taken_from_freelist: 4260.
num_chunk_merges: 7.
num_chunk_splits: 2772.
num_chunks_enlarged: 1836.
num_purges: 2.
num_inconsistent_stats: 0.

CodeHeap 'non-profiled nmethods': size=118848Kb used=14811Kb max_used=14811Kb free=104036Kb
 bounds [0x0000020f07bf0000, 0x0000020f08a70000, 0x0000020f0f000000]
CodeHeap 'profiled nmethods': size=118848Kb used=29747Kb max_used=30220Kb free=89100Kb
 bounds [0x0000020f00000000, 0x0000020f01dc0000, 0x0000020f07410000]
CodeHeap 'non-nmethods': size=8064Kb used=4689Kb max_used=4774Kb free=3374Kb
 bounds [0x0000020f07410000, 0x0000020f078c0000, 0x0000020f07bf0000]
 total_blobs=15374 nmethods=14453 adapters=826
 compilation: enabled
              stopped_count=0, restarted_count=0
 full_count=0

Compilation events (20 events):
Event: 37.594 Thread 0x0000020f1632e020 18576       3       com.sun.tools.javac.tree.TreeScanner::visitClassDef (49 bytes)
Event: 37.594 Thread 0x0000020f1632e020 nmethod 18576 0x0000020f01095a90 code [0x0000020f01095c80, 0x0000020f01096258]
Event: 37.603 Thread 0x0000020f17e7e160 nmethod 18559 0x0000020f08a34590 code [0x0000020f08a34760, 0x0000020f08a34c28]
Event: 37.604 Thread 0x0000020f17e7e160 18574       4       com.sun.tools.javac.jvm.Code::fillLocalVarPosition (232 bytes)
Event: 37.606 Thread 0x0000020f14e34ce0 nmethod 18561 0x0000020f08a35010 code [0x0000020f08a351e0, 0x0000020f08a35d38]
Event: 37.607 Thread 0x0000020f1632e530 18580       3       com.sun.tools.javac.comp.Check::checkCastable (12 bytes)
Event: 37.607 Thread 0x0000020f1632db10 18581       3       com.sun.tools.javac.comp.Check::checkCastable (50 bytes)
Event: 37.607 Thread 0x0000020f0f1f63e0 18582       3       com.sun.tools.javac.comp.Check::castWarner (15 bytes)
Event: 37.607 Thread 0x0000020f14e34ce0 18560       4       java.util.stream.Collector::of (73 bytes)
Event: 37.607 Thread 0x0000020f1632e530 nmethod 18580 0x0000020f01900e90 code [0x0000020f01901040, 0x0000020f01901188]
Event: 37.607 Thread 0x0000020f0f1f63e0 nmethod 18582 0x0000020f01075490 code [0x0000020f01075640, 0x0000020f01075a08]
Event: 37.607 Thread 0x0000020f1632db10 nmethod 18581 0x0000020f017e3710 code [0x0000020f017e3920, 0x0000020f017e3e58]
Event: 37.608 Thread 0x0000020f1632e020 18583       3       com.sun.tools.javac.comp.Lower::access (770 bytes)
Event: 37.610 Thread 0x0000020f14e34ce0 nmethod 18560 0x0000020f08a36e90 code [0x0000020f08a37020, 0x0000020f08a37218]
Event: 37.610 Thread 0x0000020f1983a320 nmethod 18569 0x0000020f08a36190 code [0x0000020f08a36360, 0x0000020f08a36b28]
Event: 37.610 Thread 0x0000020f14e34ce0 18568       4       com.sun.tools.javac.util.JCDiagnostic::<init> (67 bytes)
Event: 37.611 Thread 0x0000020f1983a320 18575       4       com.sun.tools.javac.jvm.Items$MemberItem::invoke (120 bytes)
Event: 37.612 Thread 0x0000020f1632e020 nmethod 18583 0x0000020f009aae90 code [0x0000020f009ab5e0, 0x0000020f009b00a8]
Event: 37.617 Thread 0x0000020f14e34ce0 nmethod 18568 0x0000020f08a37410 code [0x0000020f08a37580, 0x0000020f08a37bd8]
Event: 37.617 Thread 0x0000020f14e34ce0 18579       4       com.sun.tools.javac.util.JCDiagnostic$Factory::create (23 bytes)

GC Heap History (20 events):
Event: 8.038 GC heap before
{Heap before GC invocations=28 (full 0):
 garbage-first heap   total 1007616K, used 643761K [0x0000000740000000, 0x0000000800000000)
  region size 2048K, 127 young (260096K), 3 survivors (6144K)
 Metaspace       used 69004K, committed 69696K, reserved 1114112K
  class space    used 9651K, committed 9984K, reserved 1048576K
}
Event: 8.053 GC heap after
{Heap after GC invocations=29 (full 0):
 garbage-first heap   total 1007616K, used 492068K [0x0000000740000000, 0x0000000800000000)
  region size 2048K, 16 young (32768K), 16 survivors (32768K)
 Metaspace       used 69004K, committed 69696K, reserved 1114112K
  class space    used 9651K, committed 9984K, reserved 1048576K
}
Event: 8.250 GC heap before
{Heap before GC invocations=29 (full 0):
 garbage-first heap   total 1007616K, used 696868K [0x0000000740000000, 0x0000000800000000)
  region size 2048K, 116 young (237568K), 16 survivors (32768K)
 Metaspace       used 69124K, committed 69824K, reserved 1114112K
  class space    used 9664K, committed 9984K, reserved 1048576K
}
Event: 8.262 GC heap after
{Heap after GC invocations=30 (full 0):
 garbage-first heap   total 1007616K, used 561152K [0x0000000740000000, 0x0000000800000000)
  region size 2048K, 15 young (30720K), 15 survivors (30720K)
 Metaspace       used 69124K, committed 69824K, reserved 1114112K
  class space    used 9664K, committed 9984K, reserved 1048576K
}
Event: 13.675 GC heap before
{Heap before GC invocations=31 (full 0):
 garbage-first heap   total 1007616K, used 638976K [0x0000000740000000, 0x0000000800000000)
  region size 2048K, 101 young (206848K), 15 survivors (30720K)
 Metaspace       used 70678K, committed 71424K, reserved 1114112K
  class space    used 9841K, committed 10176K, reserved 1048576K
}
Event: 13.681 GC heap after
{Heap after GC invocations=32 (full 0):
 garbage-first heap   total 1007616K, used 419151K [0x0000000740000000, 0x0000000800000000)
  region size 2048K, 12 young (24576K), 12 survivors (24576K)
 Metaspace       used 70678K, committed 71424K, reserved 1114112K
  class space    used 9841K, committed 10176K, reserved 1048576K
}
Event: 14.282 GC heap before
{Heap before GC invocations=32 (full 0):
 garbage-first heap   total 1007616K, used 443727K [0x0000000740000000, 0x0000000800000000)
  region size 2048K, 24 young (49152K), 12 survivors (24576K)
 Metaspace       used 70693K, committed 71424K, reserved 1114112K
  class space    used 9841K, committed 10176K, reserved 1048576K
}
Event: 14.284 GC heap after
{Heap after GC invocations=33 (full 0):
 garbage-first heap   total 1007616K, used 369499K [0x0000000740000000, 0x0000000800000000)
  region size 2048K, 2 young (4096K), 2 survivors (4096K)
 Metaspace       used 70693K, committed 71424K, reserved 1114112K
  class space    used 9841K, committed 10176K, reserved 1048576K
}
Event: 24.634 GC heap before
{Heap before GC invocations=33 (full 0):
 garbage-first heap   total 1007616K, used 701275K [0x0000000740000000, 0x0000000800000000)
  region size 2048K, 145 young (296960K), 2 survivors (4096K)
 Metaspace       used 79459K, committed 80192K, reserved 1122304K
  class space    used 10988K, committed 11328K, reserved 1048576K
}
Event: 24.638 GC heap after
{Heap after GC invocations=34 (full 0):
 garbage-first heap   total 1007616K, used 393291K [0x0000000740000000, 0x0000000800000000)
  region size 2048K, 9 young (18432K), 9 survivors (18432K)
 Metaspace       used 79459K, committed 80192K, reserved 1122304K
  class space    used 10988K, committed 11328K, reserved 1048576K
}
Event: 24.778 GC heap before
{Heap before GC invocations=34 (full 0):
 garbage-first heap   total 1007616K, used 696395K [0x0000000740000000, 0x0000000800000000)
  region size 2048K, 158 young (323584K), 9 survivors (18432K)
 Metaspace       used 79459K, committed 80192K, reserved 1122304K
  class space    used 10988K, committed 11328K, reserved 1048576K
}
Event: 24.789 GC heap after
{Heap after GC invocations=35 (full 0):
 garbage-first heap   total 1007616K, used 478223K [0x0000000740000000, 0x0000000800000000)
  region size 2048K, 20 young (40960K), 20 survivors (40960K)
 Metaspace       used 79459K, committed 80192K, reserved 1122304K
  class space    used 10988K, committed 11328K, reserved 1048576K
}
Event: 24.877 GC heap before
{Heap before GC invocations=35 (full 0):
 garbage-first heap   total 1007616K, used 717839K [0x0000000740000000, 0x0000000800000000)
  region size 2048K, 137 young (280576K), 20 survivors (40960K)
 Metaspace       used 79459K, committed 80192K, reserved 1122304K
  class space    used 10988K, committed 11328K, reserved 1048576K
}
Event: 24.890 GC heap after
{Heap after GC invocations=36 (full 0):
 garbage-first heap   total 1593344K, used 546816K [0x0000000740000000, 0x0000000800000000)
  region size 2048K, 18 young (36864K), 18 survivors (36864K)
 Metaspace       used 79459K, committed 80192K, reserved 1122304K
  class space    used 10988K, committed 11328K, reserved 1048576K
}
Event: 25.395 GC heap before
{Heap before GC invocations=36 (full 0):
 garbage-first heap   total 1593344K, used 1064960K [0x0000000740000000, 0x0000000800000000)
  region size 2048K, 271 young (555008K), 18 survivors (36864K)
 Metaspace       used 79462K, committed 80256K, reserved 1122304K
  class space    used 10988K, committed 11328K, reserved 1048576K
}
Event: 25.408 GC heap after
{Heap after GC invocations=37 (full 0):
 garbage-first heap   total 1593344K, used 650309K [0x0000000740000000, 0x0000000800000000)
  region size 2048K, 34 young (69632K), 34 survivors (69632K)
 Metaspace       used 79462K, committed 80256K, reserved 1122304K
  class space    used 10988K, committed 11328K, reserved 1048576K
}
Event: 32.352 GC heap before
{Heap before GC invocations=37 (full 0):
 garbage-first heap   total 1593344K, used 1188933K [0x0000000740000000, 0x0000000800000000)
  region size 2048K, 257 young (526336K), 34 survivors (69632K)
 Metaspace       used 80813K, committed 81600K, reserved 1122304K
  class space    used 11102K, committed 11456K, reserved 1048576K
}
Event: 32.359 GC heap after
{Heap after GC invocations=38 (full 0):
 garbage-first heap   total 1593344K, used 656607K [0x0000000740000000, 0x0000000800000000)
  region size 2048K, 9 young (18432K), 9 survivors (18432K)
 Metaspace       used 80813K, committed 81600K, reserved 1122304K
  class space    used 11102K, committed 11456K, reserved 1048576K
}
Event: 33.801 GC heap before
{Heap before GC invocations=38 (full 0):
 garbage-first heap   total 1593344K, used 1148127K [0x0000000740000000, 0x0000000800000000)
  region size 2048K, 245 young (501760K), 9 survivors (18432K)
 Metaspace       used 83498K, committed 84288K, reserved 1122304K
  class space    used 11321K, committed 11712K, reserved 1048576K
}
Event: 33.813 GC heap after
{Heap after GC invocations=39 (full 0):
 garbage-first heap   total 1593344K, used 763904K [0x0000000740000000, 0x0000000800000000)
  region size 2048K, 31 young (63488K), 31 survivors (63488K)
 Metaspace       used 83498K, committed 84288K, reserved 1122304K
  class space    used 11321K, committed 11712K, reserved 1048576K
}

Deoptimization events (20 events):
Event: 37.399 Thread 0x0000020f110354e0 Uncommon trap: trap_request=0xffffff45 fr.pc=0x0000020f0899dad0 relative=0x00000000000034f0
Event: 37.399 Thread 0x0000020f110354e0 Uncommon trap: reason=unstable_if action=reinterpret pc=0x0000020f0899dad0 method=com.sun.tools.javac.comp.Check.checkMethod(Lcom/sun/tools/javac/code/Type;Lcom/sun/tools/javac/code/Symbol;Lcom/sun/tools/javac/comp/Env;Lcom/sun/tools/javac/util/List;Lcom/
Event: 37.400 Thread 0x0000020f110354e0 DEOPT PACKING pc=0x0000020f0899dad0 sp=0x0000004e84ef8200
Event: 37.400 Thread 0x0000020f110354e0 DEOPT UNPACKING pc=0x0000020f074623a3 sp=0x0000004e84ef8240 mode 2
Event: 37.411 Thread 0x0000020f110354e0 Uncommon trap: trap_request=0xffffffd6 fr.pc=0x0000020f0837ab7c relative=0x000000000000015c
Event: 37.411 Thread 0x0000020f110354e0 Uncommon trap: reason=array_check action=maybe_recompile pc=0x0000020f0837ab7c method=java.util.stream.Nodes$FixedNodeBuilder.accept(Ljava/lang/Object;)V @ 28 c2
Event: 37.411 Thread 0x0000020f110354e0 DEOPT PACKING pc=0x0000020f0837ab7c sp=0x0000004e84ef7550
Event: 37.411 Thread 0x0000020f110354e0 DEOPT UNPACKING pc=0x0000020f074623a3 sp=0x0000004e84ef7500 mode 2
Event: 37.411 Thread 0x0000020f110354e0 Uncommon trap: trap_request=0xffffffd6 fr.pc=0x0000020f0837ab7c relative=0x000000000000015c
Event: 37.411 Thread 0x0000020f110354e0 Uncommon trap: reason=array_check action=maybe_recompile pc=0x0000020f0837ab7c method=java.util.stream.Nodes$FixedNodeBuilder.accept(Ljava/lang/Object;)V @ 28 c2
Event: 37.411 Thread 0x0000020f110354e0 DEOPT PACKING pc=0x0000020f0837ab7c sp=0x0000004e84ef7550
Event: 37.411 Thread 0x0000020f110354e0 DEOPT UNPACKING pc=0x0000020f074623a3 sp=0x0000004e84ef7500 mode 2
Event: 37.542 Thread 0x0000020f110354e0 Uncommon trap: trap_request=0xffffffde fr.pc=0x0000020f088fe388 relative=0x0000000000004c88
Event: 37.542 Thread 0x0000020f110354e0 Uncommon trap: reason=class_check action=maybe_recompile pc=0x0000020f088fe388 method=com.sun.tools.javac.comp.Attr.check(Lcom/sun/tools/javac/tree/JCTree;Lcom/sun/tools/javac/code/Type;Lcom/sun/tools/javac/code/Kinds$KindSelector;Lcom/sun/tools/javac/com
Event: 37.543 Thread 0x0000020f110354e0 DEOPT PACKING pc=0x0000020f088fe388 sp=0x0000004e84ef7920
Event: 37.543 Thread 0x0000020f110354e0 DEOPT UNPACKING pc=0x0000020f074623a3 sp=0x0000004e84ef7950 mode 2
Event: 37.593 Thread 0x0000020f110354e0 Uncommon trap: trap_request=0xffffff45 fr.pc=0x0000020f089c0b98 relative=0x0000000000000518
Event: 37.594 Thread 0x0000020f110354e0 Uncommon trap: reason=unstable_if action=reinterpret pc=0x0000020f089c0b98 method=com.sun.tools.javac.comp.Lower.access(Lcom/sun/tools/javac/code/Symbol;Lcom/sun/tools/javac/tree/JCTree$JCExpression;Lcom/sun/tools/javac/tree/JCTree$JCExpression;Z)Lcom/sun
Event: 37.594 Thread 0x0000020f110354e0 DEOPT PACKING pc=0x0000020f089c0b98 sp=0x0000004e84ef77d0
Event: 37.594 Thread 0x0000020f110354e0 DEOPT UNPACKING pc=0x0000020f074623a3 sp=0x0000004e84ef77d8 mode 2

Classes unloaded (2 events):
Event: 7.681 Thread 0x0000020f0f1cc8a0 Unloading class 0x00000008014d1000 'java/lang/invoke/LambdaForm$DMH+0x00000008014d1000'
Event: 7.681 Thread 0x0000020f0f1cc8a0 Unloading class 0x00000008014d1800 'java/lang/invoke/LambdaForm$DMH+0x00000008014d1800'

Classes redefined (0 events):
No events

Internal exceptions (20 events):
Event: 37.489 Thread 0x0000020f110354e0 Exception <a 'sun/nio/fs/WindowsException'{0x0000000787af93b8}> (0x0000000787af93b8) 
thrown [s\open\src\hotspot\share\prims\jni.cpp, line 516]
Event: 37.491 Thread 0x0000020f110354e0 Exception <a 'sun/nio/fs/WindowsException'{0x0000000787b16c48}> (0x0000000787b16c48) 
thrown [s\open\src\hotspot\share\prims\jni.cpp, line 516]
Event: 37.521 Thread 0x0000020f110354e0 Exception <a 'sun/nio/fs/WindowsException'{0x0000000787922fc0}> (0x0000000787922fc0) 
thrown [s\open\src\hotspot\share\prims\jni.cpp, line 516]
Event: 37.539 Thread 0x0000020f110354e0 Exception <a 'sun/nio/fs/WindowsException'{0x00000007876f6870}> (0x00000007876f6870) 
thrown [s\open\src\hotspot\share\prims\jni.cpp, line 516]
Event: 37.546 Thread 0x0000020f110354e0 Exception <a 'sun/nio/fs/WindowsException'{0x0000000787774958}> (0x0000000787774958) 
thrown [s\open\src\hotspot\share\prims\jni.cpp, line 516]
Event: 37.548 Thread 0x0000020f110354e0 Exception <a 'sun/nio/fs/WindowsException'{0x00000007877812d8}> (0x00000007877812d8) 
thrown [s\open\src\hotspot\share\prims\jni.cpp, line 516]
Event: 37.561 Thread 0x0000020f110354e0 Exception <a 'sun/nio/fs/WindowsException'{0x00000007874a9fa8}> (0x00000007874a9fa8) 
thrown [s\open\src\hotspot\share\prims\jni.cpp, line 516]
Event: 37.565 Thread 0x0000020f110354e0 Exception <a 'sun/nio/fs/WindowsException'{0x00000007874b4228}> (0x00000007874b4228) 
thrown [s\open\src\hotspot\share\prims\jni.cpp, line 516]
Event: 37.567 Thread 0x0000020f110354e0 Exception <a 'sun/nio/fs/WindowsException'{0x00000007874d2ed8}> (0x00000007874d2ed8) 
thrown [s\open\src\hotspot\share\prims\jni.cpp, line 516]
Event: 37.575 Thread 0x0000020f110354e0 Exception <a 'sun/nio/fs/WindowsException'{0x00000007875483d8}> (0x00000007875483d8) 
thrown [s\open\src\hotspot\share\prims\jni.cpp, line 516]
Event: 37.578 Thread 0x0000020f110354e0 Exception <a 'sun/nio/fs/WindowsException'{0x0000000787552c30}> (0x0000000787552c30) 
thrown [s\open\src\hotspot\share\prims\jni.cpp, line 516]
Event: 37.584 Thread 0x0000020f110354e0 Exception <a 'sun/nio/fs/WindowsException'{0x00000007875c7d40}> (0x00000007875c7d40) 
thrown [s\open\src\hotspot\share\prims\jni.cpp, line 516]
Event: 37.594 Thread 0x0000020f110354e0 Exception <a 'sun/nio/fs/WindowsException'{0x0000000787260b58}> (0x0000000787260b58) 
thrown [s\open\src\hotspot\share\prims\jni.cpp, line 516]
Event: 37.595 Thread 0x0000020f110354e0 Exception <a 'sun/nio/fs/WindowsException'{0x00000007872658e8}> (0x00000007872658e8) 
thrown [s\open\src\hotspot\share\prims\jni.cpp, line 516]
Event: 37.597 Thread 0x0000020f110354e0 Exception <a 'sun/nio/fs/WindowsException'{0x000000078727b8a0}> (0x000000078727b8a0) 
thrown [s\open\src\hotspot\share\prims\jni.cpp, line 516]
Event: 37.603 Thread 0x0000020f110354e0 Exception <a 'sun/nio/fs/WindowsException'{0x00000007872bfff8}> (0x00000007872bfff8) 
thrown [s\open\src\hotspot\share\prims\jni.cpp, line 516]
Event: 37.609 Thread 0x0000020f110354e0 Exception <a 'sun/nio/fs/WindowsException'{0x00000007873273d8}> (0x00000007873273d8) 
thrown [s\open\src\hotspot\share\prims\jni.cpp, line 516]
Event: 37.611 Thread 0x0000020f110354e0 Exception <a 'sun/nio/fs/WindowsException'{0x0000000787339228}> (0x0000000787339228) 
thrown [s\open\src\hotspot\share\prims\jni.cpp, line 516]
Event: 37.615 Thread 0x0000020f110354e0 Exception <a 'sun/nio/fs/WindowsException'{0x000000078737e560}> (0x000000078737e560) 
thrown [s\open\src\hotspot\share\prims\jni.cpp, line 516]
Event: 37.620 Thread 0x0000020f110354e0 Exception <a 'sun/nio/fs/WindowsException'{0x00000007873c2310}> (0x00000007873c2310) 
thrown [s\open\src\hotspot\share\prims\jni.cpp, line 516]

VM Operations (20 events):
Event: 36.322 Executing VM operation: HandshakeAllThreads
Event: 36.323 Executing VM operation: HandshakeAllThreads done
Event: 36.360 Executing VM operation: ICBufferFull
Event: 36.360 Executing VM operation: ICBufferFull done
Event: 36.442 Executing VM operation: HandshakeAllThreads
Event: 36.443 Executing VM operation: HandshakeAllThreads done
Event: 36.632 Executing VM operation: HandshakeAllThreads
Event: 36.632 Executing VM operation: HandshakeAllThreads done
Event: 36.638 Executing VM operation: ICBufferFull
Event: 36.638 Executing VM operation: ICBufferFull done
Event: 36.728 Executing VM operation: ICBufferFull
Event: 36.728 Executing VM operation: ICBufferFull done
Event: 36.959 Executing VM operation: ICBufferFull
Event: 36.960 Executing VM operation: ICBufferFull done
Event: 37.176 Executing VM operation: HandshakeAllThreads
Event: 37.176 Executing VM operation: HandshakeAllThreads done
Event: 37.195 Executing VM operation: ICBufferFull
Event: 37.212 Executing VM operation: ICBufferFull done
Event: 37.444 Executing VM operation: ICBufferFull
Event: 37.445 Executing VM operation: ICBufferFull done

Events (20 events):
Event: 36.807 loading class java/time/Instant$1 done
Event: 37.184 Thread 0x0000020f0f1fad00 flushing nmethod 0x0000020f0862c710
Event: 37.192 Thread 0x0000020f0f1fad00 flushing nmethod 0x0000020f000ff210
Event: 37.192 Thread 0x0000020f0f1fad00 flushing nmethod 0x0000020f001aff90
Event: 37.213 Thread 0x0000020f0f1fad00 flushing nmethod 0x0000020f0058c310
Event: 37.216 Thread 0x0000020f0f1fad00 flushing nmethod 0x0000020f0079f890
Event: 37.221 Thread 0x0000020f0f1fad00 flushing nmethod 0x0000020f00b81810
Event: 37.226 Thread 0x0000020f0f1fad00 flushing nmethod 0x0000020f01050590
Event: 37.227 Thread 0x0000020f0f1fad00 flushing nmethod 0x0000020f01105910
Event: 37.227 Thread 0x0000020f0f1fad00 flushing nmethod 0x0000020f01108110
Event: 37.230 Thread 0x0000020f0f1fad00 flushing nmethod 0x0000020f01392290
Event: 37.233 Thread 0x0000020f0f1fad00 flushing nmethod 0x0000020f01559a10
Event: 37.236 Thread 0x0000020f0f1fad00 flushing nmethod 0x0000020f017a9c90
Event: 37.238 Thread 0x0000020f0f1fad00 flushing nmethod 0x0000020f01890810
Event: 37.238 Thread 0x0000020f0f1fad00 flushing nmethod 0x0000020f01897290
Event: 37.238 Thread 0x0000020f0f1fad00 flushing nmethod 0x0000020f018f4210
Event: 37.242 Thread 0x0000020f0f1fad00 flushing nmethod 0x0000020f01b75790
Event: 37.242 Thread 0x0000020f0f1fad00 flushing nmethod 0x0000020f01be7790
Event: 37.243 Thread 0x0000020f0f1fad00 flushing nmethod 0x0000020f01c29b90
Event: 37.243 Thread 0x0000020f0f1fad00 flushing nmethod 0x0000020f01c44110


Dynamic libraries:
0x00007ff7f4530000 - 0x00007ff7f4540000 	C:\Program Files\Java\jdk-17\bin\java.exe
0x00007ff9a9830000 - 0x00007ff9a9a28000 	C:\Windows\SYSTEM32\ntdll.dll
0x00007ff9a7860000 - 0x00007ff9a7922000 	C:\Windows\System32\KERNEL32.DLL
0x00007ff9a7070000 - 0x00007ff9a7366000 	C:\Windows\System32\KERNELBASE.dll
0x00007ff9a7470000 - 0x00007ff9a7570000 	C:\Windows\System32\ucrtbase.dll
0x00007ff9a6a40000 - 0x00007ff9a6a59000 	C:\Program Files\Java\jdk-17\bin\jli.dll
0x00007ff9a1860000 - 0x00007ff9a187b000 	C:\Program Files\Java\jdk-17\bin\VCRUNTIME140.dll
0x00007ff9a86b0000 - 0x00007ff9a8761000 	C:\Windows\System32\ADVAPI32.dll
0x00007ff9a7da0000 - 0x00007ff9a7e3e000 	C:\Windows\System32\msvcrt.dll
0x00007ff9a7c30000 - 0x00007ff9a7ccf000 	C:\Windows\System32\sechost.dll
0x00007ff9a8770000 - 0x00007ff9a8890000 	C:\Windows\System32\RPCRT4.dll
0x00007ff9a7370000 - 0x00007ff9a7397000 	C:\Windows\System32\bcrypt.dll
0x00007ff9a8490000 - 0x00007ff9a8631000 	C:\Windows\System32\USER32.dll
0x00007ff9a73a0000 - 0x00007ff9a73c2000 	C:\Windows\System32\win32u.dll
0x00007ff9a8be0000 - 0x00007ff9a8c0b000 	C:\Windows\System32\GDI32.dll
0x00007ff9a7730000 - 0x00007ff9a7849000 	C:\Windows\System32\gdi32full.dll
0x00007ff9a6260000 - 0x00007ff9a64fb000 	C:\Windows\WinSxS\amd64_microsoft.windows.common-controls_6595b64144ccf1df_6.0.19041.6456_none_60b8a6cb71f64256\COMCTL32.dll
0x00007ff9a73d0000 - 0x00007ff9a746d000 	C:\Windows\System32\msvcp_win.dll
0x00007ff9a3c40000 - 0x00007ff9a3c4a000 	C:\Windows\SYSTEM32\VERSION.dll
0x00007ff9a7c00000 - 0x00007ff9a7c2f000 	C:\Windows\System32\IMM32.DLL
0x00007ff9a2410000 - 0x00007ff9a241c000 	C:\Program Files\Java\jdk-17\bin\vcruntime140_1.dll
0x00007ff99d900000 - 0x00007ff99d98e000 	C:\Program Files\Java\jdk-17\bin\msvcp140.dll
0x00007ff91c360000 - 0x00007ff91cf3d000 	C:\Program Files\Java\jdk-17\bin\server\jvm.dll
0x00007ff9a86a0000 - 0x00007ff9a86a8000 	C:\Windows\System32\PSAPI.DLL
0x00007ff987c50000 - 0x00007ff987c59000 	C:\Windows\SYSTEM32\WSOCK32.dll
0x00007ff99a210000 - 0x00007ff99a237000 	C:\Windows\SYSTEM32\WINMM.dll
0x00007ff9a8910000 - 0x00007ff9a897b000 	C:\Windows\System32\WS2_32.dll
0x00007ff9a5010000 - 0x00007ff9a5022000 	C:\Windows\SYSTEM32\kernel.appcore.dll
0x00007ff9a23b0000 - 0x00007ff9a23ba000 	C:\Program Files\Java\jdk-17\bin\jimage.dll
0x00007ff9a6820000 - 0x00007ff9a6a21000 	C:\Windows\SYSTEM32\DBGHELP.DLL
0x00007ff9a67e0000 - 0x00007ff9a6814000 	C:\Windows\SYSTEM32\dbgcore.DLL
0x00007ff9a7570000 - 0x00007ff9a75f2000 	C:\Windows\System32\bcryptPrimitives.dll
0x00007ff9a1990000 - 0x00007ff9a199e000 	C:\Program Files\Java\jdk-17\bin\instrument.dll
0x00007ff99dde0000 - 0x00007ff99de05000 	C:\Program Files\Java\jdk-17\bin\java.dll
0x00007ff95a5e0000 - 0x00007ff95a6b7000 	C:\Program Files\Java\jdk-17\bin\jsvml.dll
0x00007ff9a9080000 - 0x00007ff9a97f0000 	C:\Windows\System32\SHELL32.dll
0x00007ff9a3490000 - 0x00007ff9a3c35000 	C:\Windows\SYSTEM32\windows.storage.dll
0x00007ff9a8130000 - 0x00007ff9a8484000 	C:\Windows\System32\combase.dll
0x00007ff9a6150000 - 0x00007ff9a617b000 	C:\Windows\SYSTEM32\Wldp.dll
0x00007ff9a7fd0000 - 0x00007ff9a809d000 	C:\Windows\System32\OLEAUT32.dll
0x00007ff9a8b30000 - 0x00007ff9a8bdd000 	C:\Windows\System32\SHCORE.dll
0x00007ff9a7ba0000 - 0x00007ff9a7bfb000 	C:\Windows\System32\shlwapi.dll
0x00007ff9a6df0000 - 0x00007ff9a6e14000 	C:\Windows\SYSTEM32\profapi.dll
0x00007ff99ff40000 - 0x00007ff99ff58000 	C:\Program Files\Java\jdk-17\bin\zip.dll
0x00007ff99fb40000 - 0x00007ff99fb59000 	C:\Program Files\Java\jdk-17\bin\net.dll
0x00007ff99e4c0000 - 0x00007ff99e5ca000 	C:\Windows\SYSTEM32\WINHTTP.dll
0x00007ff9a5e90000 - 0x00007ff9a5efa000 	C:\Windows\system32\mswsock.dll
0x00007ff99f940000 - 0x00007ff99f956000 	C:\Program Files\Java\jdk-17\bin\nio.dll
0x00007ff99dc70000 - 0x00007ff99dc80000 	C:\Program Files\Java\jdk-17\bin\verify.dll
0x00007ff929190000 - 0x00007ff9291b7000 	C:\Users\Vince\.gradle\native\c067742578af261105cb4f569cf0c3c89f3d7b1fecec35dd04571415982c5e48\windows-amd64\native-platform.dll
0x00007ff95a1d0000 - 0x00007ff95a314000 	C:\Users\Vince\.gradle\native\100fb08df4bc3b14c8652ba06237920a3bd2aa13389f12d3474272988ae205f9\windows-amd64\native-platform-file-events.dll
0x00007ff99dc50000 - 0x00007ff99dc5a000 	C:\Program Files\Java\jdk-17\bin\management.dll
0x00007ff99dc40000 - 0x00007ff99dc4b000 	C:\Program Files\Java\jdk-17\bin\management_ext.dll
0x00007ff9a6c30000 - 0x00007ff9a6c48000 	C:\Windows\SYSTEM32\CRYPTSP.dll
0x00007ff9a5850000 - 0x00007ff9a5888000 	C:\Windows\system32\rsaenh.dll
0x00007ff9a6d70000 - 0x00007ff9a6d9e000 	C:\Windows\SYSTEM32\USERENV.dll
0x00007ff9a60c0000 - 0x00007ff9a60cc000 	C:\Windows\SYSTEM32\CRYPTBASE.dll
0x00007ff9a5bb0000 - 0x00007ff9a5beb000 	C:\Windows\SYSTEM32\IPHLPAPI.DLL
0x00007ff9a7850000 - 0x00007ff9a7858000 	C:\Windows\System32\NSI.dll
0x00007ff99f910000 - 0x00007ff99f927000 	C:\Windows\SYSTEM32\dhcpcsvc6.DLL
0x00007ff99f8f0000 - 0x00007ff99f90d000 	C:\Windows\SYSTEM32\dhcpcsvc.DLL
0x00007ff9a5bf0000 - 0x00007ff9a5cba000 	C:\Windows\SYSTEM32\DNSAPI.dll
0x00007ff99dba0000 - 0x00007ff99dbad000 	C:\Program Files\Java\jdk-17\bin\sunmscapi.dll
0x00007ff9a6f10000 - 0x00007ff9a706d000 	C:\Windows\System32\CRYPT32.dll
0x00007ff9a6230000 - 0x00007ff9a6257000 	C:\Windows\SYSTEM32\ncrypt.dll
0x00007ff9a61f0000 - 0x00007ff9a622b000 	C:\Windows\SYSTEM32\NTASN1.dll
0x00007ff9174c0000 - 0x00007ff9174c7000 	C:\Windows\system32\wshunix.dll
0x00007ff98f820000 - 0x00007ff98f82a000 	C:\Windows\System32\rasadhlp.dll
0x00007ff998310000 - 0x00007ff998390000 	C:\Windows\System32\fwpuclnt.dll
0x00007ff9a2300000 - 0x00007ff9a2394000 	C:\Windows\system32\apphelp.dll
0x00007ff9a6bf0000 - 0x00007ff9a6c23000 	C:\Windows\SYSTEM32\ntmarta.dll

dbghelp: loaded successfully - version: 4.0.5 - missing functions: none
symbol engine: initialized successfully - sym options: 0x614 - pdb path: .;C:\Program Files\Java\jdk-17\bin;C:\Windows\SYSTEM32;C:\Windows\WinSxS\amd64_microsoft.windows.common-controls_6595b64144ccf1df_6.0.19041.6456_none_60b8a6cb71f64256;C:\Program Files\Java\jdk-17\bin\server;C:\Users\Vince\.gradle\native\c067742578af261105cb4f569cf0c3c89f3d7b1fecec35dd04571415982c5e48\windows-amd64;C:\Users\Vince\.gradle\native\100fb08df4bc3b14c8652ba06237920a3bd2aa13389f12d3474272988ae205f9\windows-amd64

VM Arguments:
jvm_args: --add-opens=java.base/java.util=ALL-UNNAMED --add-opens=java.base/java.lang=ALL-UNNAMED --add-opens=java.base/java.lang.invoke=ALL-UNNAMED --add-opens=java.prefs/java.util.prefs=ALL-UNNAMED --add-opens=java.base/java.nio.charset=ALL-UNNAMED --add-opens=java.base/java.net=ALL-UNNAMED --add-opens=java.base/java.util.concurrent.atomic=ALL-UNNAMED -Xmx3G -Dfile.encoding=windows-1252 -Duser.country=US -Duser.language=en -Duser.variant -javaagent:C:\Users\Vince\.gradle\wrapper\dists\gradle-8.8-bin\dl7vupf4psengwqhwktix4v1\gradle-8.8\lib\agents\gradle-instrumentation-agent-8.8.jar 
java_command: org.gradle.launcher.daemon.bootstrap.GradleDaemon 8.8
java_class_path (initial): C:\Users\Vince\.gradle\wrapper\dists\gradle-8.8-bin\dl7vupf4psengwqhwktix4v1\gradle-8.8\lib\gradle-launcher-8.8.jar
Launcher Type: SUN_STANDARD

[Global flags]
     intx CICompilerCount                          = 15                                        {product} {ergonomic}
     uint ConcGCThreads                            = 6                                         {product} {ergonomic}
     uint G1ConcRefinementThreads                  = 23                                        {product} {ergonomic}
   size_t G1HeapRegionSize                         = 2097152                                   {product} {ergonomic}
    uintx GCDrainStackTargetSize                   = 64                                        {product} {ergonomic}
   size_t InitialHeapSize                          = 1069547520                                {product} {ergonomic}
   size_t MarkStackSize                            = 4194304                                   {product} {ergonomic}
   size_t MaxHeapSize                              = 3221225472                                {product} {command line}
   size_t MaxNewSize                               = 1931476992                                {product} {ergonomic}
   size_t MinHeapDeltaBytes                        = 2097152                                   {product} {ergonomic}
   size_t MinHeapSize                              = 8388608                                   {product} {ergonomic}
    uintx NonNMethodCodeHeapSize                   = 8192380                                {pd product} {ergonomic}
    uintx NonProfiledCodeHeapSize                  = 121732930                              {pd product} {ergonomic}
    uintx ProfiledCodeHeapSize                     = 121732930                              {pd product} {ergonomic}
    uintx ReservedCodeCacheSize                    = 251658240                              {pd product} {ergonomic}
     bool SegmentedCodeCache                       = true                                      {product} {ergonomic}
   size_t SoftMaxHeapSize                          = 3221225472                             {manageable} {ergonomic}
     bool UseCompressedClassPointers               = true                           {product lp64_product} {ergonomic}
     bool UseCompressedOops                        = true                           {product lp64_product} {ergonomic}
     bool UseG1GC                                  = true                                      {product} {ergonomic}
     bool UseLargePagesIndividualAllocation        = false                                  {pd product} {ergonomic}

Logging:
Log output configuration:
 #0: stdout all=warning uptime,level,tags
 #1: stderr all=off uptime,level,tags

Environment Variables:
JAVA_HOME=C:\Program Files\Java\jdk-17
CLASSPATH=C:\Users\Vince\Desktop\My MC Mods\CURRENT\MnAGnosis\\gradle\wrapper\gradle-wrapper.jar
PATH=C:\Users\Vince\.codex\tmp\arg0\codex-arg0JsrIml;C:\Users\Vince\.cache\codex-runtimes\codex-primary-runtime\dependencies\bin\override;C:\Program Files (x86)\Razer Chroma SDK\bin;C:\Program Files\Razer Chroma SDK\bin;C:\VulkanSDK\1.3.290.0\Bin;C:\Program Files\Oculus\Support\oculus-runtime;C:\Program Files\Python310\Scripts\;C:\Program Files\Python310\;C:\Users\Vince\AppData\Local\Programs\Python\Python310;C:\Users\Vince\AppData\Local\Programs\Python\Python310\Scripts;C:\Program Files\Common Files\Oracle\Java\javapath;C:\Program Files (x86)\Common Files\Oracle\Java\javapath;C:\Program Files\Java\jdk-21\bin;C:\Windows\system32;C:\Windows;C:\Windows\System32\Wbem;C:\Windows\System32\WindowsPowerShell\v1.0\;C:\Windows\System32\OpenSSH\;C:\Program Files (x86)\NVIDIA Corporation\PhysX\Common;C:\Program Files\dotnet\;C:\Program Files\nodejs\;C:\ProgramData\chocolatey\bin;C:\Program Files\Java\jdk-17\bin;C:\Program Files\Gource\cmd;C:\Program Files\CMake\bin;C:\Program Files\Microsoft SQL Server\150\Tools\Binn\;C:\Program Files\Microsoft SQL Server\Client SDK\ODBC\170\Tools\Binn\;C:\Program Files\NVIDIA Corporation\NVIDIA app\NvDLISR;C:\Program Files (x86)\FontForgeBuilds\bin;C:\Users\Vince\AppData\Roaming\Python\Python310\Scripts;C:\Windows\system32\config\systemprofile\AppData\Local\Microsoft\WindowsApps;C:\Program Files (x86)\Razer\ChromaBroadcast\bin;C:\Program Files\Razer\ChromaBroadcast\bin;C:\ffmpeg\bin;C:\Users\Vince\AppData\Local\Microsoft\WindowsApps;C:\Users\Vince\AppData\Local\Programs\Microsoft VS Code\bin;C:\Users\Vince\AppData\Roaming\npm;C:\Program Files\JetBrains\IntelliJ IDEA Community Edition 2024.1.2\bin;C:\Program Files\JetBrains\IntelliJ IDEA 2024.1.2\bin;C:\Users\Vince\.dotnet\tools;C:\Program Files\Git\cmd;C:\Users\Vince\.local\bin;C:\Users\Vince\AppData\Local\garyttierney\me3\bin;C:\Users\Vince\Desktop\Nightreign Modded Run\me3\bin;C:\Users\Vince\AppData\Local\Programs\garyttierney\me3\bin;C:\Users\Vince\AppData\Local\spicetify;C:\Users\Vince\AppDa
USERNAME=Vince
OS=Windows_NT
PROCESSOR_IDENTIFIER=Intel64 Family 6 Model 183 Stepping 1, GenuineIntel



---------------  S Y S T E M  ---------------

OS:
 Windows 10 , 64 bit Build 19041 (10.0.19041.5915)
OS uptime: 0 days 17:35 hours
Hyper-V role detected

CPU: total 32 (initial active 32) (16 cores per cpu, 2 threads per core) family 6 model 183 stepping 1 microcode 0x10e, cx8, cmov, fxsr, ht, mmx, 3dnowpref, sse, sse2, sse3, ssse3, sse4.1, sse4.2, popcnt, lzcnt, tsc, tscinvbit, avx, avx2, aes, erms, clmul, bmi1, bmi2, adx, sha, fma, vzeroupper, clflush, clflushopt, clwb, hv

Memory: 4k page, system-wide physical 65276M (28479M free)
TotalPageFile size 90876M (AvailPageFile size 31816M)
current process WorkingSet (physical memory assigned to process): 2080M, peak: 2126M
current process commit charge ("private bytes"): 2186M, peak: 2234M

vm_info: Java HotSpot(TM) 64-Bit Server VM (17.0.7+8-LTS-224) for windows-amd64 JRE (17.0.7+8-LTS-224), built on Feb 28 2023 23:03:02 by "mach5one" with MS VC++ 17.1 (VS2022)

END.
